Date,Close,High,Low,Total Market Value,Dividend Market Value
2018-12-31,6635.28,6659.96,6570.06,10005688684285.0,1011644701.0
2018-12-28,6584.52,6684.18,6529.22,9929087763274.0,1127847434.0
2018-12-27,6579.49,6583.01,6336.97,9921152039351.0,375635380.0
2018-12-26,6554.36,6555.53,6214.34,9883637599188.0,99436558.0
2018-12-24,6192.92,6355.18,6190.17,9338606281606.0,72264483.0
2018-12-21,6332.99,6586.68,6304.63,9593607645393.0,5134508.0
2018-12-20,6528.41,6666.2,6447.91,9941644955391.0,111595081.0
2018-12-19,6636.83,6868.86,6586.5,10108115450287.0,8080443.0
2018-12-18,6783.91,6847.27,6733.71,10332727089379.0,1430223746.0
2018-12-17,6753.73,6931.81,6710.01,10286757138945.0,215534862.0
2018-12-14,6910.66,7027.17,6898.99,10525448731013.0,301213807.0
2018-12-13,7070.33,7154.64,7034.82,10768943860985.0,2125655223.0
2018-12-12,7098.31,7197.29,7096.56,10812601895390.0,13827897.0
2018-12-11,7031.83,7129.83,6983.01,10700498264111.0,4159992.0
2018-12-10,7020.52,7047.62,6878.98,10684075421513.0,33753345.0
2018-12-07,6969.25,7205.37,6945.27,10601159795980.0,272227276.0
2018-12-06,7188.26,7189.52,6984.34,10941449422462.0,2475510157.0
2018-12-04,7158.43,7421.11,7150.11,10895617111339.0,270352000.0
2018-12-03,7441.51,7486.51,7392.22,11326587131201.0,19293078.0
2018-11-30,7330.54,7332.79,7255.68,11159773255844.0,519120481.0
2018-11-29,7273.08,7319.96,7217.69,11075044890792.0,795322858.0
2018-11-28,7291.59,7292.71,7090.98,11102989685595.0,314954804.0
2018-11-27,7082.7,7105.14,7014.36,10776083695248.0,94099613.0
2018-11-26,7081.85,7083.93,7003.12,10774763871144.0,75963393.0
2018-11-23,6938.98,6987.89,6919.16,10556907536909.0,169836324.0
2018-11-21,6972.25,7029.92,6951.62,10606969983343.0,526999889.0
2018-11-20,6908.82,6994.75,6830.76,10510023179434.0,344805730.0
2018-11-19,7028.48,7224.12,7011.4,10691869348663.0,214149950.0
2018-11-16,7247.87,7274.86,7171.7,11027691278852.0,176581567.0
2018-11-15,7259.03,7274.26,7072.36,11044292323498.0,1842362354.0
2018-11-14,7136.39,7285.57,7101.17,10857779928358.0,4285296710.0
2018-11-13,7200.87,7319.12,7182.86,10952945017209.0,331314377.0
2018-11-12,7200.87,7371.09,7193.77,10952925418478.0,0.0
2018-11-09,7406.9,7474.34,7349.48,11267372362232.0,262914593.0
2018-11-08,7530.88,7566.93,7499.71,11455447641716.0,5112251597.0
2018-11-07,7570.75,7572.93,7435.87,11516400292305.0,65686671.0
2018-11-06,7375.96,7400.64,7320.89,11218051238448.0,1641947097.0
2018-11-05,7328.85,7349.23,7255.88,11164932015582.0,220555060.0
2018-11-02,7356.99,7466.53,7298.68,11207683233097.0,86235154.0
2018-11-01,7434.06,7435.88,7286.5,11325090915361.0,65243320.0
2018-10-31,7305.9,7368.49,7270.63,11128485763030.0,526453416.0
2018-10-30,7161.65,7166.84,7001.48,10908583439088.0,864840458.0
2018-10-29,7050.29,7295.61,6922.83,10739014131191.0,37536971.0
2018-10-26,7167.21,7283.32,7057.0,10916683232304.0,337761075.0
2018-10-25,7318.34,7364.82,7178.54,11143275418857.0,36088205.0
2018-10-24,7108.4,7435.69,7099.0,10823594882778.0,15833713.0
2018-10-23,7437.54,7472.58,7260.13,11323534093150.0,114779414.0
2018-10-22,7468.63,7520.54,7424.74,11371225827495.0,8143497.0
2018-10-19,7449.03,7582.89,7428.3,11342387690765.0,11408383.0
2018-10-18,7485.14,7616.86,7452.46,11397016893929.0,61475275.0
2018-10-17,7642.7,7670.49,7563.09,11636336428016.0,3240640.0
2018-10-16,7645.49,7658.14,7493.44,11639190113960.0,21346593.0
2018-10-15,7430.74,7500.93,7400.07,11309699125555.0,10462699.0
2018-10-12,7496.89,7516.69,7368.33,11410139550070.0,46985519.0
2018-10-11,7329.06,7493.21,7274.04,11153262130274.0,62062811.0
2018-10-10,7422.05,7701.2,7420.56,11291093971467.0,7245115.0
2018-10-09,7738.02,7799.75,7718.95,11778258656623.0,152751109.0
2018-10-08,7735.95,7797.32,7654.84,11771463714895.0,0.0
2018-10-05,7788.45,7902.67,7715.97,11851420175836.0,119674438.0
2018-10-04,7879.51,7997.17,7833.16,11990731431320.0,1715899099.0
2018-10-03,8025.09,8053.93,8012.03,12209927039655.0,2517911.0
2018-10-02,7999.55,8054.15,7983.99,12171520372847.0,888858273.0
2018-10-01,8037.3,8107.38,8019.77,12233100237030.0,49581886.0
2018-09-28,8046.35,8065.06,8015.87,12245856502227.0,79070504.0
2018-09-27,8041.97,8071.56,8017.91,12237799506047.0,1310044018.0
2018-09-26,7990.37,8067.03,7982.76,12156394634173.0,77360069.0
2018-09-25,8007.47,8014.12,7979.29,12179204631378.0,18915777.0
2018-09-24,7993.25,7997.9,7912.47,12157358326190.0,96296963.0
2018-09-21,7986.96,8057.26,7979.67,12175735648880.0,791806.0
2018-09-20,8028.23,8039.06,7986.4,12238220560629.0,52458780.0
2018-09-19,7950.04,7976.12,7917.73,12119002583298.0,117171739.0
2018-09-18,7956.11,7986.1,7901.01,12128274811741.0,992139705.0
2018-09-17,7895.79,8002.78,7890.07,12036260979184.0,19457416.0
2018-09-14,8010.04,8040.83,7979.78,12216166694575.0,290703737.0
2018-09-13,8013.71,8037.51,7989.85,12220670048361.0,2056135880.0
2018-09-12,7954.23,7965.39,7884.05,12129346056778.0,135978481.0
2018-09-11,7972.47,7986.32,7880.92,12157242957892.0,610920242.0
2018-09-10,7924.16,7945.03,7890.39,12083549720023.0,37297967.0
2018-09-07,7902.54,7962.53,7873.93,12026616591249.0,371040810.0
2018-09-06,7922.73,8001.97,7885.49,12056813574697.0,1736890632.0
2018-09-05,7995.17,8077.84,7962.35,12167086828773.0,227219798.0
2018-09-04,8091.25,8104.07,8042.14,12313235735767.0,983828990.0
2018-08-31,8109.54,8119.82,8079.31,12345676988208.0,197640020.0
2018-08-30,8088.36,8133.3,8069.57,12313568045234.0,1159602391.0
2018-08-29,8109.69,8113.56,8042.1,12345192933065.0,223748298.0
2018-08-28,8030.04,8046.31,8009.59,12220289551558.0,6602022.0
2018-08-27,8017.9,8024.94,7976.6,12202683147049.0,12170229.0
2018-08-24,7945.98,7949.71,7907.1,12094277708171.0,125843188.0
2018-08-23,7878.46,7926.32,7866.53,11990170439771.0,139056294.0
2018-08-22,7889.1,7897.63,7840.84,12006824688595.0,531688459.0
2018-08-21,7859.17,7897.68,7836.79,11956064948596.0,314723916.0
2018-08-20,7821.01,7837.14,7787.9,11897873480853.0,136671514.0
2018-08-17,7816.33,7830.78,7752.68,11890545646227.0,680236816.0
2018-08-16,7806.52,7849.67,7795.74,11874818605410.0,1823005738.0
2018-08-15,7774.12,7832.66,7732.69,11825496921866.0,3660467225.0
2018-08-14,7870.89,7878.23,7815.5,11970571033682.0,209613803.0
2018-08-13,7819.71,7888.66,7814.27,11892481432838.0,298895687.0
2018-08-10,7839.11,7866.19,7818.37,11920953452442.0,4047169858.0
2018-08-09,7891.78,7923.35,7881.06,12000710952353.0,163997572.0
2018-08-08,7888.33,7901.69,7864.46,11995368378911.0,639876004.0
2018-08-07,7883.66,7898.2,7868.65,11985350164819.0,181974435.0
2018-08-06,7859.68,7859.68,7801.88,11947054620292.0,1761218709.0
2018-08-03,7812.01,7824.06,7783.3,11874568222300.0,109418294.0
2018-08-02,7802.69,7808.85,7659.52,11858428258147.0,114281296.0
2018-08-01,7707.29,7732.68,7670.71,11712860877117.0,57242661.0
2018-07-31,7671.79,7709.49,7614.84,11665459130785.0,494395047.0
2018-07-30,7630.0,7740.26,7604.24,11601604051112.0,698930220.0
2018-07-27,7737.42,7889.75,7698.96,11764687218048.0,349595478.0
2018-07-26,7852.18,7881.3,7834.08,11931410183947.0,34804672.0
2018-07-25,7932.24,7933.31,7838.76,12050687169118.0,11239189.0
2018-07-24,7840.77,7928.79,7814.33,11907040443781.0,122118689.0
2018-07-23,7841.87,7846.76,7776.55,11908711655164.0,2306780.0
2018-07-20,7820.2,7860.25,7815.86,11875341642227.0,6431235.0
2018-07-19,7825.3,7849.85,7811.15,11881342403222.0,26500806.0
2018-07-18,7854.44,7863.77,7822.83,11922946236311.0,12565996.0
2018-07-17,7855.12,7867.15,7749.61,11923562395915.0,5315083.0
2018-07-16,7805.72,7838.82,7791.98,11848593914069.0,8200634.0
2018-07-13,7825.98,7843.52,7803.34,11879018160436.0,7146999.0
2018-07-12,7823.92,7825.67,7746.76,11875986536289.0,134549643.0
2018-07-11,7716.61,7748.16,7696.58,11713211511034.0,6903362.0
2018-07-10,7759.2,7777.48,7731.98,11775454948937.0,12161167.0
2018-07-09,7756.2,7757.28,7702.06,11770829327455.0,139051938.0
2018-07-06,7688.39,7695.81,7588.65,11674201689978.0,39695218.0
2018-07-05,7586.43,7589.19,7511.43,11519458449505.0,1764469428.0
2018-07-03,7502.67,7594.33,7498.5,11391686843730.0,21263596.0
2018-07-02,7567.69,7568.1,7443.1,11492106109937.0,873169785.0
2018-06-29,7510.3,7573.59,7502.95,11404215445108.0,87436262.0
2018-06-28,7503.68,7526.07,7419.56,11391514647138.0,1255036887.0
2018-06-27,7445.08,7610.67,7444.17,11301251629580.0,94212261.0
2018-06-26,7561.63,7597.49,7527.0,11471553930748.0,9694570.0
2018-06-25,7532.01,7639.73,7477.73,11426206020493.0,21698115.0
2018-06-22,7692.82,7739.71,7679.12,11671760634076.0,14210752.0
2018-06-21,7712.95,7803.45,7699.2,11699607314114.0,18146211.0
2018-06-20,7781.51,7806.6,7755.48,11801399072996.0,38603675.0
2018-06-19,7725.59,7727.41,7635.73,11717132989669.0,995047260.0
2018-06-18,7747.03,7749.36,7676.83,11749881805873.0,23590196.0
2018-06-15,7746.38,7755.72,7704.34,11798588946129.0,270658752.0
2018-06-14,7761.04,7768.6,7723.53,11821152578900.0,1708294368.0
2018-06-13,7695.7,7748.96,7686.65,11720183015793.0,99655276.0
2018-06-12,7703.79,7708.25,7669.53,11733376487830.0,29193283.0
2018-06-11,7659.93,7677.29,7642.87,11666239364607.0,101964569.0
2018-06-08,7645.51,7653.58,7595.14,11643880282938.0,82868247.0
2018-06-07,7635.07,7697.41,7597.66,11627375653495.0,1632242586.0
2018-06-06,7689.24,7691.65,7622.31,11709767235440.0,29013023.0
2018-06-05,7637.86,7644.48,7602.38,11632017959032.0,247744550.0
2018-06-04,7606.46,7607.17,7561.2,11583383936104.0,39992389.0
2018-06-01,7554.33,7557.38,7487.23,11502216245686.0,224564021.0
2018-05-31,7442.12,7492.42,7431.41,11332787575040.0,1921308116.0
2018-05-30,7462.45,7473.81,7423.67,11364025505100.0,537880699.0
2018-05-29,7396.59,7435.13,7354.29,11274172281326.0,924316801.0
2018-05-25,7433.85,7452.85,7415.58,11331289437412.0,172804457.0
2018-05-24,7424.43,7435.38,7357.5,11315258693311.0,118183803.0
2018-05-23,7425.96,7426.78,7334.62,11318490916365.0,385180788.0
2018-05-22,7378.46,7432.53,7370.33,11245556344770.0,212964025.0
2018-05-21,7394.04,7431.83,7368.21,11269016747063.0,203566625.0
2018-05-18,7354.34,7381.16,7343.97,11208532436856.0,348402601.0
2018-05-17,7382.47,7425.39,7350.46,11249876531386.0,1434752005.0
2018-05-16,7398.3,7413.32,7356.16,11273962995810.0,4468411096.0
2018-05-15,7351.63,7363.52,7320.97,11204594371429.0,49546079.0
2018-05-14,7411.32,7458.42,7401.89,11295427930250.0,351099232.0
2018-05-11,7402.88,7417.67,7372.26,11282394884437.0,4134016751.0
2018-05-10,7404.97,7414.15,7353.63,11285430630142.0,442089946.0
2018-05-09,7339.91,7344.8,7259.05,11184902461789.0,572472823.0
2018-05-08,7266.9,7278.81,7224.7,11067705790575.0,284173181.0
2018-05-07,7265.21,7291.74,7235.76,11064985204870.0,253245064.0
2018-05-04,7209.62,7228.26,7057.89,10981091673887.0,2133297895.0
2018-05-03,7088.15,7112.59,6991.14,10795330570464.0,96313640.0
2018-05-02,7100.9,7169.46,7094.72,10814552056367.0,40139111.0
2018-05-01,7130.7,7133.27,7036.18,10859279128120.0,29111273.0
2018-04-30,7066.27,7169.8,7065.41,10761023815300.0,245912342.0
2018-04-27,7119.8,7197.15,7083.95,10836448081935.0,545978111.0
2018-04-26,7118.68,7143.94,7055.66,10834723178067.0,29796341.0
2018-04-25,7003.74,7030.74,6926.97,10659752420212.0,10195548.0
2018-04-24,7007.35,7171.67,6961.52,10671269738130.0,114019834.0
2018-04-23,7128.6,7195.72,7094.43,10856104953922.0,4534124.0
2018-04-20,7146.13,7222.99,7123.49,10881182712700.0,14849576.0
2018-04-19,7238.06,7277.45,7215.17,11020907397561.0,84709744.0
2018-04-18,7295.24,7319.58,7259.9,11107724451894.0,4059736.0
2018-04-17,7281.1,7298.59,7206.55,11082173453998.0,2362011.0
2018-04-16,7156.28,7178.51,7115.85,10891666733880.0,0.0
2018-04-13,7106.65,7183.62,7078.14,10817192791972.0,27521838.0
2018-04-12,7140.25,7166.0,7105.09,10868757039109.0,131809289.0
2018-04-11,7069.03,7128.54,7055.0,10760202507151.0,8973890.0
2018-04-10,7094.3,7117.98,7014.88,10793918487757.0,0.0
2018-04-09,6950.34,7074.95,6944.96,10574494313424.0,132301576.0
2018-04-06,6915.11,7066.64,6877.76,10520827386580.0,27022115.0
2018-04-05,7076.55,7112.38,7036.62,10770474628262.0,154857558.0
2018-04-04,7042.11,7059.29,6811.77,10718036281379.0,1617338445.0
2018-04-03,6941.28,6963.71,6835.23,10563822779727.0,880993889.0
2018-04-02,6870.12,7044.71,6805.96,10455515259297.0,47839706.0
2018-03-29,7063.44,7120.46,6935.78,10749465896411.0,171156184.0
2018-03-28,6949.23,7036.09,6901.07,10574155492376.0,1567658163.0
2018-03-27,7008.81,7255.54,6963.68,10662843338899.0,10055602.0
2018-03-26,7220.54,7225.83,7022.34,10989183299041.0,11209353.0
2018-03-23,6992.67,7194.31,6992.67,10640835832682.0,11519825.0
2018-03-22,7166.68,7303.19,7164.38,10904955721500.0,110843867.0
2018-03-21,7345.29,7415.66,7325.35,11176714475350.0,738565470.0
2018-03-20,7364.3,7380.74,7331.24,11205266817762.0,307632584.0
2018-03-19,7344.24,7421.23,7285.27,11174795256394.0,19834736.0
2018-03-16,7481.99,7514.21,7473.68,11399759350006.0,339649097.0
2018-03-15,7481.74,7525.44,7463.18,11399379204235.0,1003111392.0
2018-03-14,7496.81,7544.89,7473.9,11420536788277.0,685411407.0
2018-03-13,7511.01,7637.27,7492.98,11441325317948.0,436092125.0
2018-03-12,7588.32,7609.1,7563.44,11552636082953.0,14469330.0
2018-03-09,7560.81,7560.81,7469.03,11514199229631.0,362354088.0
2018-03-08,7427.95,7435.01,7391.5,11324049163038.0,1983881010.0
2018-03-07,7396.65,7403.79,7311.74,11276350692628.0,75352490.0
2018-03-06,7372.01,7378.03,7319.68,11257029236162.0,151957551.0
2018-03-05,7330.7,7350.07,7205.31,11193749447616.0,24234150.0
2018-03-02,7257.87,7267.19,7084.83,11082539701410.0,551955506.0
2018-03-01,7180.56,7307.84,7117.66,10964329420504.0,1412533772.0
2018-02-28,7273.01,7386.8,7273.01,11106044708592.0,560224968.0
2018-02-27,7330.35,7438.09,7330.35,11191867672935.0,1100465616.0
2018-02-26,7421.46,7421.85,7360.25,11330082793023.0,61498316.0
2018-02-23,7337.39,7337.83,7232.5,11201419370015.0,292737342.0
2018-02-22,7210.09,7280.93,7194.84,11005150439199.0,277342841.0
2018-02-21,7218.23,7338.64,7218.11,11017609095390.0,385165335.0
2018-02-20,7234.31,7295.95,7206.0,11040107097314.0,202387624.0
2018-02-16,7239.47,7303.26,7226.38,11047438671248.0,151404630.0
2018-02-15,7256.43,7256.93,7130.39,11073221771167.0,348091126.0
2018-02-14,7143.62,7152.05,6977.07,10901581887283.0,4896012505.0
2018-02-13,7013.51,7025.68,6938.16,10701115794616.0,74104490.0
2018-02-12,6981.96,7023.62,6879.69,10652926046398.0,137919490.0
2018-02-09,6874.49,6917.01,6630.67,10491436442424.0,3324249180.0
2018-02-08,6777.16,7073.99,6776.77,10344002439559.0,141142141.0
2018-02-07,7051.98,7170.33,7051.53,10763584234020.0,482755860.0
2018-02-06,7115.88,7126.55,6824.82,10860039663943.0,1695531772.0
2018-02-05,6967.53,7277.36,6967.53,10635956547803.0,179632552.0
2018-02-02,7240.95,7364.43,7238.18,11055014769163.0,129709116.0
2018-02-01,7385.86,7441.09,7362.28,11277312213720.0,76466872.0
2018-01-31,7411.48,7453.99,7381.12,11316914650438.0,399790319.0
2018-01-30,7402.48,7433.65,7373.99,11300601943979.0,819064812.0
2018-01-29,7466.51,7500.61,7455.55,11398317298931.0,11753950.0
2018-01-26,7505.77,7505.77,7431.22,11456522835820.0,295945647.0
2018-01-25,7411.16,7458.53,7388.58,11311379490836.0,24467338.0
2018-01-24,7415.06,7486.32,7376.75,11317323738853.0,6521647.0
2018-01-23,7460.29,7465.39,7423.18,11386308146163.0,0.0
2018-01-22,7408.03,7408.03,7332.81,11306530969730.0,3059044.0
2018-01-19,7336.38,7336.38,7297.28,11197171941149.0,11310669.0
2018-01-18,7296.05,7313.89,7276.11,11135393158101.0,36557839.0
2018-01-17,7298.28,7309.36,7229.32,11139584827957.0,0.0
2018-01-16,7223.69,7330.33,7205.93,11023702649506.0,8998557.0
2018-01-12,7261.06,7265.26,7205.18,11080712734512.0,1620298.0
2018-01-11,7211.78,7211.78,7163.23,11005282256717.0,114479411.0
2018-01-10,7153.57,7154.24,7111.52,10916513408089.0,3207569.0
2018-01-09,7163.58,7181.14,7148.3,10938818547441.0,112393791.0
2018-01-08,7157.39,7161.35,7124.09,10928770066397.0,8201618.0
2018-01-05,7136.56,7137.04,7097.08,10896949592693.0,52853053.0
2018-01-04,7077.91,7098.05,7072.38,10807381807855.0,1565173711.0
2018-01-03,7065.53,7069.15,7016.7,10788418387444.0,3703689.0
2018-01-02,7006.9,7006.91,6924.08,10670660956637.0,737365895.0
2017-12-29,6903.39,6954.98,6903.39,10519757876550.0,111289234.0
2017-12-28,6950.16,6954.8,6936.75,10591590601156.0,1218903019.0
2017-12-27,6939.34,6955.38,6931.34,10574340603631.0,40657370.0
2017-12-26,6936.25,6942.14,6915.56,10570467841065.0,103591232.0
2017-12-22,6959.96,6962.26,6944.44,10606835393464.0,15101995.0
2017-12-21,6965.36,6992.63,6961.21,10615267351439.0,33132403.0
2017-12-20,6960.96,6991.25,6935.42,10439338435942.0,46345643.0
2017-12-19,6963.85,6995.88,6951.49,10443748255473.0,267357134.0
2017-12-18,6994.76,7003.89,6975.54,10482153398484.0,741532894.0
2017-12-15,6936.58,6945.82,6871.45,10399707127767.0,308974401.0
2017-12-14,6856.53,6901.13,6851.63,10280059164973.0,1143718414.0
2017-12-13,6875.8,6897.62,6871.87,10308745278642.0,176481935.0
2017-12-12,6862.32,6884.8,6856.3,10288706779477.0,33664377.0
2017-12-11,6875.08,6879.8,6844.88,10307830406482.0,7588815.0
2017-12-08,6840.08,6870.48,6831.61,10252468927094.0,18880479.0
2017-12-07,6812.84,6829.29,6778.2,10211891001386.0,657307705.0
2017-12-06,6776.38,6787.42,6734.13,10157240556576.0,6758184.0
2017-12-05,6762.21,6836.45,6752.32,10135763997439.0,139641236.0
2017-12-04,6775.37,6899.23,6770.69,10155318981157.0,100266554.0
2017-12-01,6847.59,6872.17,6737.16,10263524942029.0,73161402.0
2017-11-30,6873.97,6888.65,6838.48,10305958740637.0,1073366517.0
2017-11-29,6824.34,0.0,0.0,10231851231481.0,673044405.0
2017-11-28,6912.36,6914.19,6866.21,10362892132021.0,848740225.0
2017-11-27,6878.52,6897.43,6867.89,10313378858274.0,61952638.0
2017-11-24,6889.16,6890.02,6873.74,10329203578177.0,81506001.0
2017-11-22,6867.36,6874.52,6859.28,10295957714835.0,536745500.0
2017-11-21,6862.48,6862.66,6820.02,10291005448980.0,169687729.0
2017-11-20,6790.71,6795.83,6779.49,10182779035203.0,151733686.0
2017-11-17,6782.79,6797.75,6777.43,10178500304692.0,284443422.0
2017-11-16,6793.29,6806.67,6742.33,10188340117003.0,1953370735.0
2017-11-15,6706.21,6725.32,6667.31,10057674390967.0,3812742696.0
2017-11-14,6737.87,6743.63,6709.27,10102817998747.0,558522703.0
2017-11-13,6757.6,6766.3,6723.43,10131950455692.0,161394472.0
2017-11-10,6750.94,6757.34,6727.35,10121777361964.0,4092151149.0
2017-11-09,6750.05,6758.93,6687.28,10119742697296.0,295475931.0
2017-11-08,6789.12,6791.65,6753.34,10177185646619.0,148525071.0
2017-11-07,6767.78,6795.52,6750.35,10144223463834.0,92274303.0
2017-11-06,6786.44,6790.67,6763.17,10171912073734.0,1530639424.0
2017-11-03,6764.44,6765.14,6712.93,10138855574967.0,86744473.0
2017-11-02,6714.94,6719.97,6677.55,10064106108545.0,119841525.0
2017-11-01,6716.53,6759.66,6691.48,10065775318573.0,32948426.0
2017-10-31,6727.67,6737.75,6705.79,10078906953482.0,430301453.0
2017-10-30,6698.96,6727.39,6677.15,10035121947869.0,744381784.0
2017-10-27,6701.26,6708.13,6625.78,10037426894407.0,56938764.0
2017-10-26,6556.77,6582.76,6550.03,9819023159918.0,13151113.0
2017-10-25,6563.89,6600.64,6517.93,9829254466010.0,978768.0
2017-10-24,6598.43,6611.9,6582.06,9880847803044.0,107287902.0
2017-10-23,6586.83,6641.57,6581.15,9863996162176.0,11220207.0
2017-10-20,6629.05,6640.03,6622.92,9926706349900.0,274139067.0
2017-10-19,6605.07,6605.29,6558.53,9890699764569.0,27496995.0
2017-10-18,6624.22,6635.52,6613.55,9920360602165.0,1873680.0
2017-10-17,6623.66,6628.6,6613.21,9919487687013.0,12901979.0
2017-10-16,6624.0,6632.5,6607.03,9919637052710.0,7466019.0
2017-10-13,6605.8,6616.58,6602.2,9899178855550.0,10723695.0
2017-10-12,6591.51,6613.5,6586.32,9875353165616.0,129862541.0
2017-10-11,6603.55,6604.21,6577.99,9893262454290.0,5868799.0
2017-10-10,6587.25,6608.3,6561.78,9870432886135.0,15806295.0
2017-10-09,6579.73,6599.34,6572.44,9855755037559.0,0.0
2017-10-06,6590.18,6590.18,6566.84,9874186417432.0,141198695.0
2017-10-05,6585.36,6587.21,6547.65,9866198816917.0,126085248.0
2017-10-04,6534.63,6546.46,6513.12,9790145453002.0,1502742400.0
2017-10-03,6531.71,6532.18,6509.71,9791903265618.0,756890149.0
2017-10-02,6516.72,6527.22,6484.14,9768454679400.0,15849046.0
2017-09-29,6495.96,6497.98,6454.86,9742094009499.0,146729396.0
2017-09-28,6453.45,6456.23,6427.66,9677177505448.0,1205194572.0
2017-09-27,6453.26,6472.65,6405.36,9677041577138.0,36573697.0
2017-09-26,6380.16,6405.0,6364.57,9568514142366.0,7499583.0
2017-09-25,6370.59,6408.05,6343.96,9554667821305.0,106489226.0
2017-09-22,6426.92,6429.54,6400.81,9636871641845.0,31100217.0
2017-09-21,6422.69,6448.57,6405.3,9630286522349.0,106364036.0
2017-09-20,6456.04,6466.05,6414.23,9666061984610.0,56117009.0
2017-09-19,6461.32,6467.79,6446.75,9673781272330.0,197843942.0
2017-09-18,6454.64,6477.77,6438.41,9663683425941.0,422515340.0
2017-09-15,6448.47,6464.27,6419.65,9665824566859.0,113676123.0
2017-09-14,6429.08,6455.32,6424.04,9637310780403.0,1124792285.0
2017-09-13,6460.19,6460.42,6433.2,9683328232184.0,296128576.0
2017-09-12,6454.28,6455.02,6429.54,9688121137198.0,488720286.0
2017-09-11,6432.26,6439.11,6410.71,9655323103571.0,11009907.0
2017-09-08,6360.19,6391.41,6354.96,9546843290595.0,110738543.0
2017-09-07,6397.87,6413.07,6379.81,9603336219842.0,963065305.0
2017-09-06,6393.31,6407.4,6356.2,9594377064332.0,93443337.0
2017-09-05,6375.57,6426.51,6334.59,9577131457208.0,0.0
2017-09-01,6435.33,6449.65,6417.87,9658111173101.0,43915674.0
2017-08-31,6428.66,6435.27,6383.58,9649036284815.0,61858719.0
2017-08-30,6368.31,6374.47,6303.57,9558450631910.0,599950585.0
2017-08-29,6301.89,6311.26,6228.73,9458695555187.0,426241603.0
2017-08-28,6283.02,6292.26,6267.85,9444151314808.0,847121708.0
2017-08-25,6265.64,6308.72,6257.1,9417822711702.0,30271202.0
2017-08-24,6271.33,6302.85,6244.57,9426271972554.0,86992467.0
2017-08-23,6278.41,6291.3,6263.29,9437157034744.0,139735671.0
2017-08-22,6297.48,6302.84,6241.21,9461173489386.0,478931761.0
2017-08-21,6213.13,6226.93,6177.19,9334249248735.0,213293024.0
2017-08-18,6216.53,6254.22,6193.38,9338864859986.0,148294071.0
2017-08-17,6221.91,6334.23,6221.91,9345745555794.0,270482379.0
2017-08-16,6345.11,6374.56,6330.27,9530502464728.0,1515244172.0
2017-08-15,6333.01,6350.74,6324.75,9509562196138.0,3953161081.0
2017-08-14,6340.23,6346.83,6305.55,9520347165438.0,133525318.0
2017-08-11,6256.56,6266.89,6216.19,9394487380562.0,134213005.0
2017-08-10,6216.87,6318.28,6214.41,9334811686869.0,3861311834.0
2017-08-09,6352.33,6355.04,6309.44,9539835335454.0,145707549.0
2017-08-08,6370.46,6423.35,6355.88,9565377957234.0,634011284.0
2017-08-07,6383.77,6386.03,6356.23,9585628014576.0,96210447.0
2017-08-04,6351.56,6361.49,6329.73,9529493969059.0,97288424.0
2017-08-03,6340.34,6368.53,6331.14,9512512117569.0,1454740384.0
2017-08-02,6362.65,6394.21,6313.43,9545385475937.0,108335144.0
2017-08-01,6362.94,6375.75,6345.75,9541554789804.0,44368108.0
2017-07-31,6348.12,6396.59,6338.79,9519006871860.0,13665656.0
2017-07-28,6374.68,6379.7,6337.22,9557162343590.0,507021372.0
2017-07-27,6382.19,6460.84,6318.62,9567947983475.0,659636268.0
2017-07-26,6422.75,6432.38,6416.3,9628503420463.0,22969279.0
2017-07-25,6412.17,6425.45,6396.87,9611934036919.0,9576315.0
2017-07-24,6410.81,6417.7,6380.61,9609038898774.0,92564456.0
2017-07-21,6387.75,6388.78,6365.12,9574237776272.0,6679526.0
2017-07-20,6390.0,6398.26,6365.68,9577057890496.0,270329838.0
2017-07-19,6385.04,6387.73,6362.19,9569536254073.0,29244598.0
2017-07-18,6344.31,6344.55,6291.07,9513183822814.0,2072150.0
2017-07-17,6314.43,6330.97,6307.34,9468995894191.0,1070252.0
2017-07-14,6312.47,6321.76,6278.7,9465539473804.0,609551.0
2017-07-13,6274.44,6281.45,6251.26,9408516090951.0,16108120.0
2017-07-12,6261.17,6265.64,6236.82,9388428728681.0,115270529.0
2017-07-11,6193.3,6200.58,6149.87,9282676297661.0,790450.0
2017-07-10,6176.39,6191.27,6141.83,9256452140196.0,30280251.0
2017-07-07,6153.08,6164.94,6111.21,9221960927949.0,0.0
2017-07-06,6089.46,6127.98,6081.96,9127425440240.0,109117335.0
2017-07-05,6150.86,6163.62,6100.42,9219477667712.0,1541865554.0
2017-07-03,6110.06,6177.36,6106.12,9158837007657.0,92557540.0
2017-06-30,6140.42,6170.63,6129.04,9204893205893.0,781354259.0
2017-06-29,6144.35,6216.6,6087.81,9210522874939.0,98919461.0
2017-06-28,6234.41,6238.29,6144.8,9345094507626.0,1255221435.0
2017-06-27,6146.62,6234.32,6146.62,9213127397472.0,36238191.0
2017-06-26,6247.15,6303.45,6233.43,9364879106273.0,5573643.0
2017-06-23,6265.25,6269.37,6218.78,9392106039209.0,17738819.0
2017-06-22,6236.69,6257.68,6221.96,9354213947921.0,36953997.0
2017-06-21,6233.95,6236.66,6200.86,9349896653766.0,96642600.0
2017-06-20,6188.03,6234.01,6186.94,9280947554828.0,0.0
2017-06-19,6239.01,6243.31,6194.0,9357403158089.0,324093957.0
2017-06-16,6151.76,6161.56,6125.5,9261258247880.0,35409978.0
2017-06-15,6165.5,6170.15,6107.85,9283374237844.0,604340194.0
2017-06-14,6194.89,6237.53,6153.55,9326842018146.0,1003511909.0
2017-06-13,6220.37,6226.41,6180.04,9365225234332.0,441877089.0
2017-06-12,6175.46,6183.81,6110.66,9297737337446.0,22345416.0
2017-06-09,6207.92,6341.7,6137.68,9346710868141.0,9439551.0
2017-06-08,6321.76,6324.06,6282.93,9518137598507.0,62724079.0
2017-06-07,6297.38,6302.78,6267.18,9481036082297.0,1354173244.0
2017-06-06,6275.06,6304.21,6269.86,9447344937591.0,22427690.0
2017-06-05,6295.68,6310.62,6292.14,9477784833239.0,222296134.0
2017-06-02,6305.8,6308.76,6253.77,9493535334775.0,124955332.0
2017-06-01,6246.83,6247.07,6200.45,9404849365336.0,74922512.0
2017-05-31,6198.52,6221.99,6164.07,9332012288336.0,335783310.0
2017-05-30,6203.19,6217.13,6200.41,9339321610830.0,397326799.0
2017-05-26,6210.19,6211.52,6196.66,9350801350469.0,1181116503.0
2017-05-25,6205.26,6217.34,6174.52,9343250002218.0,75911994.0
2017-05-24,6163.02,6166.09,6139.33,9279236236596.0,185088409.0
2017-05-23,6138.71,6150.91,6121.79,9243808753898.0,308842453.0
2017-05-22,6133.62,6135.92,6097.24,9236061149437.0,185460539.0
2017-05-19,6083.7,6106.55,6070.23,9160800360005.0,178199834.0
2017-05-18,6055.13,6073.45,5996.81,9117426003202.0,210035735.0
2017-05-17,6011.24,6122.87,6009.48,9050560473979.0,1208984382.0
2017-05-16,6169.87,6170.16,6139.1,9287020615317.0,3578715639.0
2017-05-15,6149.67,6153.04,6124.79,9256891630842.0,905773680.0
2017-05-12,6121.23,6122.84,6105.42,9213315612044.0,211970404.0
2017-05-11,6115.96,6120.2,6075.68,9205346404852.0,3731827474.0
2017-05-10,6129.14,6131.64,6103.87,9224822504426.0,350806630.0
2017-05-09,6120.59,6133.0,6107.59,9209718090126.0,457411698.0
2017-05-08,6102.66,6106.12,6083.06,9182770506021.0,314154758.0
2017-05-05,6100.76,6100.76,6067.16,9182330113513.0,28034155.0
2017-05-04,6075.34,6080.82,6054.33,9143896224434.0,134109208.0
2017-05-03,6072.55,6076.96,6053.28,9139584839468.0,1439353336.0
2017-05-02,6095.37,6102.72,6081.56,9172486422915.0,34466425.0
2017-05-01,6091.6,6100.73,6061.35,9167157654726.0,1320520.0
2017-04-28,6047.61,6074.04,6040.71,9101022306132.0,202729557.0
2017-04-27,6048.94,6050.7,6031.59,9102914068878.0,749413593.0
2017-04-26,6025.23,6040.89,6021.72,9067108018041.0,100628582.0
2017-04-25,6025.49,6036.02,6002.65,9065929192163.0,8741432.0
2017-04-24,5983.82,5989.92,5970.25,9003213172199.0,92563496.0
2017-04-21,5910.52,5919.23,5899.43,8895129051252.0,7985882.0
2017-04-20,5916.78,5926.23,5880.2,8904380696227.0,454850.0
2017-04-19,5863.03,5894.67,5856.34,8822316526148.0,277954058.0
2017-04-18,5849.47,5860.04,5828.57,8802603039532.0,1689920.0
2017-04-17,5856.79,5856.79,5818.2,8813585287580.0,5919893.0
2017-04-13,5805.15,5856.54,5805.15,8739837322802.0,1583425.0
2017-04-12,5836.16,5868.09,5830.44,8786417155832.0,12456250.0
2017-04-11,5866.77,5878.94,5819.29,8831529580385.0,127984747.0
2017-04-10,5880.93,5907.85,5865.56,8852635878651.0,16097889.0
2017-04-07,5877.81,5892.07,5855.51,8847631120264.0,16520552.0
2017-04-06,5878.95,5889.58,5856.22,8849223592258.0,106901666.0
2017-04-05,5864.48,5936.39,5856.26,8826719407157.0,153713886.0
2017-04-04,5898.61,5901.39,5878.76,8869063301213.0,1459553634.0
2017-04-03,5894.68,5928.93,5867.73,8861945983508.0,794521820.0
2017-03-31,5911.74,5927.81,5901.77,8887987876433.0,41855896.0
2017-03-30,5914.34,5916.77,5894.0,8895843609194.0,156784038.0
2017-03-29,5897.55,5900.87,5870.93,8870036335313.0,1156028211.0
2017-03-28,5875.14,5888.7,5828.86,8835193126362.0,532313366.0
2017-03-27,5840.37,5849.2,5769.39,8784356657198.0,143365.0
2017-03-24,5828.74,5858.95,5807.83,8768653482783.0,10503911.0
2017-03-23,5817.69,5842.82,5806.98,8751938793409.0,40042587.0
2017-03-22,5821.64,5825.67,5781.8,8759257920532.0,99473341.0
2017-03-21,5793.83,5928.06,5790.73,8719028859822.0,15931147.0
2017-03-20,5901.53,5915.12,5888.12,8880649828626.0,288625009.0
2017-03-17,5901.0,5912.61,5890.42,8888015154674.0,42597768.0
2017-03-16,5900.76,5911.48,5887.24,8887254456062.0,585927205.0
2017-03-15,5900.05,5911.2,5858.16,8885651023530.0,174712305.0
2017-03-14,5856.82,5860.5,5831.88,8820172183989.0,859058454.0
2017-03-13,5875.78,5877.43,5860.83,8846540729703.0,887559759.0
2017-03-10,5861.73,5872.6,5835.44,8840240959087.0,49184880.0
2017-03-09,5838.81,5852.54,5812.08,8805503907992.0,422093318.0
2017-03-08,5837.55,5860.63,5832.63,8803568592207.0,803659762.0
2017-03-07,5833.93,5859.77,5826.32,8798122327623.0,97980542.0
2017-03-06,5849.17,5857.74,5827.46,8821324409753.0,121537085.0
2017-03-03,5870.75,5870.75,5841.47,8853362387324.0,34684843.0
2017-03-02,5861.22,5897.01,5856.3,8841286325197.0,128204552.0
2017-03-01,5904.03,5911.79,5865.79,8906504853561.0,1154560417.0
2017-02-28,5825.44,5855.07,5817.22,8788801168075.0,138241060.0
2017-02-27,5861.9,5861.9,5827.0,8844354683180.0,1036769035.0
2017-02-24,5845.31,5845.31,5800.55,8822511236044.0,323420054.0
2017-02-23,5835.51,5866.96,5809.55,8807574120331.0,272598811.0
2017-02-22,5860.63,5864.41,5848.28,8842598766260.0,471712156.0
2017-02-21,5865.95,5867.89,5847.5,8849451034005.0,36385823.0
2017-02-17,5838.58,5838.58,5800.8,8809445212454.0,126785439.0
2017-02-16,5814.9,5835.15,5796.71,8778367216514.0,190387147.0
2017-02-15,5819.44,5821.95,5776.7,8785079552145.0,143115629.0
2017-02-14,5782.57,5783.09,5748.74,8726012502699.0,3296212034.0
2017-02-13,5763.96,5770.99,5751.92,8697173265506.0,1436520503.0
2017-02-10,5734.13,5743.43,5717.42,8653002541586.0,154886233.0
2017-02-09,5715.18,5722.71,5685.15,8623727846095.0,3137015980.0
2017-02-08,5682.45,5686.96,5649.39,8574403125054.0,365601008.0
2017-02-07,5674.22,5689.6,5664.82,8559885969389.0,412491074.0
2017-02-06,5663.55,5668.2,5650.26,8544347327784.0,151289582.0
2017-02-03,5666.77,5666.84,5647.58,8548667252300.0,1379793235.0
2017-02-02,5636.2,5656.01,5616.4,8502545132309.0,83064389.0
2017-02-01,5642.65,5662.11,5621.03,8513005069123.0,83212230.0
2017-01-31,5614.79,5615.15,5576.09,8473807407518.0,82705280.0
2017-01-30,5613.71,5636.09,5578.76,8472163407750.0,571733462.0
2017-01-27,5660.78,5667.45,5643.9,8541753135535.0,583699931.0
2017-01-26,5655.18,5669.61,5647.65,8533362940530.0,26738603.0
2017-01-25,5656.34,5658.59,5634.33,8535023061042.0,21206312.0
2017-01-24,5600.96,5606.53,5558.49,8450667724894.0,0.0
2017-01-23,5552.94,5564.14,5522.69,8379936338060.0,4765407.0
2017-01-20,5555.33,5574.35,5542.23,8384079566817.0,1131415.0
2017-01-19,5540.08,5571.53,5528.37,8360932858504.0,262718004.0
2017-01-18,5555.65,5555.98,5534.77,8384496660313.0,36892084.0
2017-01-17,5538.73,5557.05,5527.22,8358174901907.0,1155366.0
2017-01-13,5574.12,5584.26,5557.2,8411755900721.0,4856171.0
2017-01-12,5547.49,5550.67,5496.82,8371511707134.0,11850855.0
2017-01-11,5563.65,5564.08,5524.03,8395935722787.0,130176272.0
2017-01-10,5551.82,5564.25,5528.11,8376356776208.0,3530437.0
2017-01-09,5531.82,5541.08,5517.14,8346175271043.0,10535376.0
2017-01-06,5521.06,5536.52,5482.81,8330185419118.0,91243800.0
2017-01-05,5487.94,5495.85,5464.36,8279925231567.0,8977210.0
2017-01-04,5477.0,5482.35,5440.24,8263185062695.0,1445802661.0
2017-01-03,5429.08,5452.57,5397.99,8193635766413.0,43323574.0
2016-12-30,5383.12,5441.9,5371.89,8123980516972.0,658581884.0
2016-12-29,5432.09,5450.63,5415.18,8197664738014.0,87237843.0
2016-12-28,5438.56,5498.91,5434.7,8206742730293.0,1129327610.0
2016-12-27,5487.44,5512.37,5469.61,8280951270121.0,46007557.0
2016-12-23,5462.69,5462.69,5441.76,8243377220462.0,5913509.0
2016-12-22,5447.42,5472.01,5432.77,8221485334730.0,85259762.0
2016-12-21,5471.43,5486.26,5465.31,8258349604375.0,23994591.0
2016-12-20,5483.94,5489.47,5471.71,8277316600416.0,15939342.0
2016-12-19,5457.44,5483.42,5436.54,8237381279235.0,394290807.0
2016-12-16,5437.16,5474.58,5426.01,8216100689017.0,118559713.0
2016-12-15,5456.85,5485.12,5439.39,8245757977221.0,140583677.0
2016-12-14,5436.67,5476.25,5425.73,8217800496935.0,573008191.0
2016-12-13,5463.83,5486.75,5430.72,8257594391074.0,1064526172.0
2016-12-12,5412.54,5434.9,5394.42,8180192017577.0,202097673.0
2016-12-09,5444.5,5450.16,5427.12,8228348612926.0,21414308.0
2016-12-08,5417.36,5425.52,5389.1,8190802339583.0,45093223.0
2016-12-07,5393.76,5397.93,5307.31,8154954524149.0,587868382.0
2016-12-06,5333.0,5333.99,5299.94,8062904438383.0,23171451.0
2016-12-05,5308.89,5321.09,5269.57,8026430815824.0,116659983.0
2016-12-02,5255.65,5274.54,5239.27,7946431329182.0,65819986.0
2016-12-01,5251.11,5326.34,5238.21,7945335386975.0,187273238.0
2016-11-30,5323.68,5393.15,5323.68,8055294518120.0,1194721307.0
2016-11-29,5379.92,5403.86,5360.56,8139661986156.0,408998514.0
2016-11-28,5368.81,5396.27,5364.91,8122882318566.0,1078674355.0
2016-11-25,5398.92,5398.92,5379.28,8168450683020.0,73228261.0
2016-11-23,5380.68,5380.68,5350.68,8138986078345.0,118984973.0
2016-11-22,5386.35,5392.26,5365.6,8143117767130.0,437685617.0
2016-11-21,5368.86,5369.83,5334.16,8118916536170.0,195557042.0
2016-11-18,5321.51,5346.8,5315.53,8046711049840.0,160800168.0
2016-11-17,5333.97,5334.05,5288.16,8065466402912.0,215508974.0
2016-11-16,5294.58,5299.63,5251.88,8007452827931.0,301510042.0
2016-11-15,5275.62,5287.06,5236.25,7971395066792.0,4105251976.0
2016-11-14,5218.4,5247.17,5192.04,7885757917194.0,935607018.0
2016-11-11,5237.11,5241.08,5179.64,7913821128129.0,0.0
2016-11-10,5208.8,5302.68,5145.32,7871892909257.0,243501806.0
2016-11-09,5251.07,5258.99,5143.86,7935690176955.0,345892737.0
2016-11-08,5193.49,5214.17,5145.3,7848518218910.0,146918270.0
2016-11-07,5166.17,5169.41,5122.77,7812875412402.0,166824556.0
2016-11-04,5046.37,5087.51,5034.41,7631476658759.0,248182402.0
2016-11-03,5058.41,5115.06,5053.52,7649689877158.0,5011900854.0
2016-11-02,5105.57,5156.7,5097.56,7720814069754.0,457531094.0
2016-11-01,5153.58,5201.13,5112.32,7793928297331.0,37184497.0
2016-10-31,5189.13,5206.7,5186.56,7845963966614.0,6659286.0
2016-10-28,5190.1,5232.35,5178.76,7846241668321.0,378934968.0
2016-10-27,5215.97,5274.12,5211.75,7885340468787.0,116207022.0
2016-10-26,5250.27,5280.85,5237.05,7936903360537.0,20205742.0
2016-10-25,5283.4,5310.27,5278.57,7987496819388.0,0.0
2016-10-24,5309.83,5311.5,5289.23,8027443203843.0,11919620.0
2016-10-21,5257.4,5259.13,5225.76,7948596311188.0,104189045.0
2016-10-20,5241.83,5252.1,5216.04,7923418566043.0,7661827.0
2016-10-19,5246.41,5253.83,5234.25,7929774967977.0,290005283.0
2016-10-18,5243.84,5264.27,5239.44,7925814624595.0,1328085.0
2016-10-17,5199.82,5219.98,5196.03,7860232283977.0,233671.0
2016-10-14,5214.16,5258.88,5213.37,7881407871247.0,481643.0
2016-10-13,5213.33,5228.26,5169.76,7880029203980.0,10579300.0
2016-10-12,5239.02,5257.18,5228.77,7915604844549.0,109523244.0
2016-10-11,5246.79,5321.82,5227.43,7917703447079.0,1501293.0
2016-10-10,5328.67,5340.52,5317.73,8041263361950.0,0.0
2016-10-07,5292.4,5315.65,5266.8,7986428307431.0,10525990.0
2016-10-06,5306.85,5315.73,5281.47,8006453665148.0,28156011.0
2016-10-05,5316.02,5330.81,5304.06,8020460371768.0,201648631.0
2016-10-04,5289.66,5323.6,5271.7,7978552206181.0,4755387.0
2016-10-03,5300.87,5308.6,5281.95,7996878168562.0,2064516448.0
2016-09-30,5312.0,5325.88,5277.88,8014170963886.0,7922216.0
2016-09-29,5269.15,5317.0,5254.52,7949122648856.0,95938191.0
2016-09-28,5318.55,5320.62,5284.84,8036572636538.0,1161470597.0
2016-09-27,5305.71,5306.81,5251.32,8018390359059.0,39372464.0
2016-09-26,5257.49,5282.27,5254.96,7945133405489.0,32457564.0
2016-09-23,5305.75,5329.71,5301.63,8016851198051.0,0.0
2016-09-22,5339.52,5342.88,5320.93,8067675181944.0,214234688.0
2016-09-21,5295.18,5299.4,5233.94,8000267140469.0,169387443.0
2016-09-20,5241.35,5265.18,5235.42,7923249152842.0,22623871.0
2016-09-19,5235.03,5281.07,5222.91,7915966735183.0,312317645.0
2016-09-16,5244.57,5248.6,5218.97,7948871474635.0,33551473.0
2016-09-15,5249.69,5254.78,5176.25,7956325889271.0,277614198.0
2016-09-14,5173.77,5201.34,5159.55,7841248626032.0,846370623.0
2016-09-13,5155.25,5195.03,5131.27,7813075435078.0,454118164.0
2016-09-12,5211.89,5217.88,5097.8,7898867265558.0,501146208.0
2016-09-09,5125.91,5225.93,5125.91,7769034064654.0,2391953.0
2016-09-08,5259.48,5271.01,5248.41,7971788055601.0,141531118.0
2016-09-07,5283.93,5287.61,5261.92,8011226783530.0,601687407.0
2016-09-06,5275.91,5275.91,5244.0,7998730231696.0,19281599.0
2016-09-02,5249.9,5263.39,5231.02,7965401535989.0,65838698.0
2016-09-01,5227.21,5229.94,5189.36,7933084574482.0,70788355.0
2016-08-31,5213.22,5219.89,5191.18,7915109400296.0,370202820.0
2016-08-30,5222.99,5241.62,5205.61,7929504938735.0,182276772.0
2016-08-29,5232.33,5245.12,5222.34,7944086890912.0,1146331073.0
2016-08-26,5218.92,5253.39,5191.86,7923667539788.0,15222466.0
2016-08-25,5212.2,5230.59,5201.64,7913444626202.0,36671737.0
2016-08-24,5217.69,5262.99,5205.64,7921646431580.0,926114358.0
2016-08-23,5260.08,5275.74,5257.9,7985880836040.0,364494688.0
2016-08-22,5244.6,5252.13,5224.63,7968449595173.0,134698741.0
2016-08-19,5238.38,5245.81,5217.65,7959723074725.0,183433840.0
2016-08-18,5240.15,5243.17,5221.84,7961572222741.0,210359738.0
2016-08-17,5228.66,5230.09,5197.23,7944120318929.0,486707976.0
2016-08-16,5227.11,5248.26,5226.78,7935582158535.0,2998746140.0
2016-08-15,5262.02,5271.36,5241.14,7987781812691.0,785674135.0
2016-08-12,5232.89,5233.34,5215.54,7943472118838.0,30787530.0
2016-08-11,5228.4,5235.29,5211.25,7935247996208.0,634352962.0
2016-08-10,5204.58,5227.96,5193.8,7899262415558.0,468518649.0
2016-08-09,5225.48,5238.54,5214.95,7931082744120.0,193796112.0
2016-08-08,5213.14,5228.4,5202.18,7911859654075.0,126249530.0
2016-08-05,5221.12,5227.23,5186.25,7923792590027.0,30471782.0
2016-08-04,5166.25,5174.0,5145.39,7837133858365.0,3206079290.0
2016-08-03,5159.74,5159.74,5128.44,7827078163239.0,1494498381.0
2016-08-02,5137.73,5181.02,5109.8,7793564012307.0,481586163.0
2016-08-01,5184.2,5199.13,5158.93,7864053672181.0,5579703.0
2016-07-29,5162.13,5175.81,5140.05,7834958808298.0,18341307.0
2016-07-28,5154.98,5160.16,5130.75,7824041256165.0,795003087.0
2016-07-27,5139.81,5151.06,5120.66,7793134043089.0,119032276.0
2016-07-26,5110.05,5122.3,5084.18,7747564968810.0,5006715.0
2016-07-25,5097.63,5100.72,5082.66,7728609748047.0,3000000.0
2016-07-22,5100.16,5103.52,5064.11,7732189948955.0,89360386.0
2016-07-21,5073.9,5102.78,5061.11,7691792839781.0,13605148.0
2016-07-20,5089.93,5098.25,5053.92,7715268390601.0,288491868.0
2016-07-19,5036.37,5052.24,5028.24,7634299824124.0,2307084.0
2016-07-18,5055.78,5063.53,5030.13,7663738760956.0,2208972.0
2016-07-15,5029.59,5044.81,5018.52,7624113319032.0,473247.0
2016-07-14,5034.06,5045.18,5025.15,7630702135529.0,64582168.0
2016-07-13,5005.73,5036.38,5002.82,7588820476726.0,122049478.0
2016-07-12,5022.82,5032.1,5009.68,7614864867749.0,1751472.0
2016-07-11,4988.64,5002.5,4976.54,7563114910751.0,7230160.0
2016-07-08,4956.76,4959.0,4901.27,7514735444636.0,100290210.0
2016-07-07,4876.81,4889.01,4853.68,7393549508186.0,7630120.0
2016-07-06,4859.16,4861.05,4786.01,7367017045607.0,32267562.0
2016-07-05,4822.9,4839.13,4797.29,7311785261548.0,1367030043.0
2016-07-01,4862.57,4880.17,4837.17,7358451131191.0,701078171.0
2016-06-30,4842.67,4843.11,4774.52,7328607178148.0,18069852.0
2016-06-29,4779.25,4787.59,4732.34,7232613299964.0,277956406.0
2016-06-28,4691.87,4692.98,4643.93,7100532140230.0,912319495.0
2016-06-27,4594.44,4665.04,4574.25,6953101840661.0,3056665.0
2016-06-24,4707.98,4798.22,4698.42,7124513422842.0,1316232.0
2016-06-23,4910.04,4910.04,4859.4,7430271447782.0,77362111.0
2016-06-22,4833.32,4875.93,4830.0,7314114037756.0,138583534.0
2016-06-21,4843.76,0.0,0.0,7329672545745.0,5298472.0
2016-06-20,4837.21,4882.15,4834.51,7323603547696.0,84446216.0
2016-06-17,4800.34,4835.02,4792.34,7242488255820.0,66519137.0
2016-06-16,4844.91,4847.86,4778.78,7310946939857.0,136039739.0
2016-06-15,4834.93,4868.16,4830.33,7294648187637.0,315688735.0
2016-06-14,4843.55,4863.01,4811.93,7307513024291.0,765160848.0
2016-06-13,4848.44,4894.85,4844.94,7314816625403.0,629568884.0
2016-06-10,4894.55,4917.92,4880.61,7384543227434.0,81431014.0
2016-06-09,4958.62,4965.49,4940.55,7481181597134.0,14236750.0
2016-06-08,4974.64,4979.66,4956.79,7505344935229.0,1160993856.0
2016-06-07,4961.75,4979.38,4960.28,7481402196579.0,19037756.0
2016-06-06,4968.71,4980.14,4944.87,7491711241468.0,120866448.0
2016-06-03,4942.52,4958.65,4909.21,7452216348823.0,85217669.0
2016-06-02,4971.36,4971.36,4924.23,7493312314722.0,73667381.0
2016-06-01,4952.25,4958.98,4923.2,7464566801706.0,294761260.0
2016-05-31,4948.05,4951.45,4923.03,7458375973413.0,120442773.0
2016-05-27,4933.5,4933.5,4902.5,7436385483562.0,1094963051.0
2016-05-26,4901.77,4909.38,4887.27,7388448822151.0,357174044.0
2016-05-25,4894.89,4905.45,4872.42,7378054911533.0,907555572.0
2016-05-24,4861.06,4865.99,4792.63,7325597314943.0,362934638.0
2016-05-23,4765.78,4792.64,4763.91,7182090954990.0,228586722.0
2016-05-20,4769.56,4781.7,4729.0,7187844325076.0,39490342.0
2016-05-19,4712.53,4735.27,4678.38,7101627513899.0,110678417.0
2016-05-18,4739.12,4762.28,4704.49,7141385525954.0,178828618.0
2016-05-17,4715.73,4776.15,4703.39,7108007814522.0,3241998980.0
2016-05-16,4775.46,4791.25,4724.73,7197983671956.0,508710191.0
2016-05-13,4717.68,4759.29,4708.26,7109283296937.0,827006539.0
2016-05-12,4737.33,4779.46,4710.17,7154306106673.0,366022338.0
2016-05-11,4760.69,4812.19,4760.36,7189771636352.0,277475756.0
2016-05-10,4809.88,4811.3,4758.2,7263137207195.0,300671855.0
2016-05-09,4750.21,4771.94,4735.06,7172841535604.0,76353145.0
2016-05-06,4736.16,4736.16,4684.28,7151030519445.0,230616983.0
2016-05-05,4717.09,4744.55,4709.75,7122858831416.0,3369380772.0
2016-05-04,4725.64,4751.64,4713.91,7132946405098.0,1423209587.0
2016-05-03,4763.22,4791.43,4749.71,7189606266727.0,421474927.0
2016-05-02,4817.59,4821.57,4768.28,7273810175212.0,89905288.0
2016-04-29,4775.36,4807.89,4740.84,7211448130474.0,105523597.0
2016-04-28,4805.29,4889.16,4796.32,7258232789781.0,535858745.0
2016-04-27,4863.14,4872.91,4826.38,7346352581315.0,381982322.0
2016-04-26,4888.28,4915.0,4875.42,7378235417501.0,13255787.0
2016-04-25,4895.79,0.0,0.0,7389290351819.0,19269445.0
2016-04-22,4906.2,0.0,0.0,7404932548413.0,90565142.0
2016-04-21,4945.93,0.0,0.0,7464481542946.0,17658262.0
2016-04-20,4948.15,0.0,0.0,7467820770044.0,40359702.0
2016-04-19,4940.33,0.0,0.0,7455207849206.0,1676279.0
2016-04-18,4960.02,4960.79,4915.63,7479049889448.0,10369821.0
2016-04-15,4938.22,4950.43,4925.46,7445911210319.0,392315.0
2016-04-14,4945.89,4961.3,4931.81,7457467531549.0,124983837.0
2016-04-13,4947.42,4951.91,4903.6,7459690976765.0,124753628.0
2016-04-12,4872.09,4879.6,4808.91,7345885466218.0,704439.0
2016-04-11,4833.4,4897.55,4833.4,7287549081090.0,7249602.0
2016-04-08,4850.69,4892.6,4835.36,7314058459378.0,18604220.0
2016-04-07,4848.37,4901.49,4831.49,7310388803104.0,89112689.0
2016-04-06,4920.72,4921.51,4849.28,7419609471939.0,108933186.0
2016-04-05,4843.93,4872.7,4838.62,7284887914951.0,33397459.0
2016-04-04,4891.8,4917.75,4885.17,7361671572531.0,2038523656.0
2016-04-01,4914.54,4917.09,4832.06,7397289794180.0,5110674.0
2016-03-31,4869.85,4891.3,4864.41,7330935589740.0,17950005.0
2016-03-30,4869.29,4899.14,4859.35,7330070791886.0,248347945.0
2016-03-29,4846.62,4849.31,4749.78,7296053551711.0,921486130.0
2016-03-28,4766.79,4787.39,4760.01,7176072457048.0,200354187.0
2016-03-24,4773.5,4773.5,4734.77,7186179477202.0,53498150.0
2016-03-23,4768.86,4816.67,4765.37,7178886301655.0,43185393.0
2016-03-22,4821.66,4835.6,4781.71,7258469302860.0,133041786.0
2016-03-21,4808.87,4814.85,4785.38,7239230246477.0,89215168.0
2016-03-18,4795.65,4804.58,4772.41,7245550942029.0,14345188.0
2016-03-17,4774.99,4788.09,4737.97,7214080831073.0,114639922.0
2016-03-16,4763.97,4774.78,4716.45,7197264263754.0,926500331.0
2016-03-15,4728.67,4735.27,4712.07,7137811823462.0,33445673.0
2016-03-14,4750.28,4762.27,4731.51,7166989359074.0,1003391569.0
2016-03-11,4748.47,4748.79,4700.91,7163979206805.0,95554488.0
2016-03-10,4662.16,4716.14,4607.99,7033475634018.0,112218246.0
2016-03-09,4674.38,4676.47,4642.42,7051906945270.0,711909125.0
2016-03-08,4648.82,4695.04,4642.86,7013282003534.0,394083356.0
2016-03-07,4708.25,4731.19,4674.82,7103015423916.0,586035964.0
2016-03-04,4717.02,4746.65,4687.94,7116207066886.0,6580293.0
2016-03-03,4707.42,4707.72,4674.46,7117912357179.0,316209289.0
2016-03-02,4703.42,4703.58,4665.93,7111907935926.0,396634430.0
2016-03-01,4689.6,4689.6,4581.75,7091388371563.0,13573990.0
2016-02-29,4557.95,4619.9,4557.46,6899746111271.0,935167294.0
2016-02-26,4590.47,4618.85,4580.78,6948933720042.0,191648801.0
2016-02-25,4582.2,4582.2,4516.89,6936522817105.0,319132210.0
2016-02-24,4542.61,4547.64,4425.72,6876421439221.0,169375086.0
2016-02-23,4503.58,4558.06,4500.94,6817505156312.0,217186640.0
2016-02-22,4570.61,4576.47,4546.55,6919724383522.0,28159107.0
2016-02-19,4504.43,4513.15,4455.1,6819386497219.0,114030865.0
2016-02-18,4487.54,4548.47,4482.77,6793871893592.0,298191476.0
2016-02-17,4534.06,4540.78,4463.51,6864312889846.0,65110827.0
2016-02-16,4435.96,4435.96,4376.52,6711839755207.0,3472309000.0
2016-02-12,4337.51,4340.13,4274.15,6563282730009.0,155422691.0
2016-02-11,4266.84,4293.22,4209.76,6455818360088.0,1030139354.0
2016-02-10,4283.59,4369.62,4280.73,6481532333609.0,551586329.0
2016-02-09,4268.76,4329.61,4222.48,6458178247692.0,85486170.0
2016-02-08,4283.75,4301.53,4212.81,6480717715838.0,149120178.0
2016-02-05,4363.14,4493.19,4350.37,6600821437990.0,228484165.0
2016-02-04,4509.56,4545.52,4463.99,6822447193390.0,2977088643.0
2016-02-03,4504.24,4547.32,4424.47,6813591939792.0,1455493635.0
2016-02-02,4516.95,4589.9,4503.12,6829746662170.0,338822531.0
2016-02-01,4620.37,4636.93,4565.37,7016672903208.0,92017840.0
2016-01-29,4613.95,4613.95,4511.3,7007562661758.0,137392297.0
2016-01-28,4506.68,4533.81,4447.5,6846401936378.0,716235588.0
2016-01-27,4468.17,4568.85,4450.83,6789741967632.0,183816206.0
2016-01-26,4567.67,4583.21,4503.53,6940852246086.0,0.0
2016-01-25,4518.49,4590.44,4514.78,6866115715494.0,32814859.0
2016-01-22,4591.18,4591.18,4540.27,6982962589440.0,1033863.0
2016-01-21,4472.06,4537.15,4432.02,6801780565723.0,13522103.0
2016-01-20,4471.69,4514.92,4313.39,6801221067181.0,19627012.0
2016-01-19,4476.95,4550.57,4430.77,6808261198955.0,1339168.0
2016-01-15,4488.42,4520.45,4419.41,6828770411553.0,74743.0
2016-01-14,4615.0,4650.55,4470.59,7021174983593.0,392179.0
2016-01-13,4526.06,4713.98,4517.56,6885871715699.0,203442428.0
2016-01-12,4685.92,4714.8,4618.03,7121557127044.0,1406187.0
2016-01-11,4637.99,4683.02,4573.78,7048713802078.0,7081803.0
2016-01-08,4643.63,4742.57,4637.85,7057288237816.0,0.0
2016-01-07,4689.43,4788.02,4688.17,7126763159449.0,82220379.0
2016-01-06,4835.76,4866.04,4804.69,7349121809286.0,118187375.0
2016-01-05,4891.43,4926.73,4872.74,7416760613338.0,54974645.0
2016-01-04,4903.09,4903.09,4846.98,7442940197423.0,1676802793.0
2015-12-31,5007.41,5058.06,5007.01,7601849709104.0,40777118.0
2015-12-30,5065.85,5102.35,5065.68,7690554924619.0,74931820.0
2015-12-29,5107.94,5116.99,5065.89,7755363155972.0,1016903727.0
2015-12-28,5040.99,5041.27,4999.07,7670021121169.0,28220826.0
2015-12-24,5048.49,5063.28,5043.65,7680608572342.0,2820841.0
2015-12-23,5045.93,5046.09,5020.44,7677516912220.0,52541360.0
2015-12-22,5001.11,5007.77,4964.08,7585528678204.0,39939830.0
2015-12-21,4968.92,4968.92,4928.93,7536432804474.0,787389725.0
2015-12-18,4923.08,4996.49,4921.33,7500528184392.0,44940749.0
2015-12-17,5002.55,5088.58,5002.55,7624359560611.0,209596976.0
2015-12-16,5071.13,5078.99,4992.63,7728806422034.0,148450620.0
2015-12-15,4995.36,5026.54,4986.99,7617228810579.0,37927375.0
2015-12-14,4952.23,4953.6,4871.59,7532465356516.0,914001442.0
2015-12-11,4933.47,4996.19,4928.67,7503940547649.0,475362352.0
2015-12-10,5045.17,5075.65,5019.31,7672413445705.0,165167386.0
2015-12-09,5022.87,5106.37,5000.12,7639379777157.0,300665897.0
2015-12-08,5098.24,5111.73,5045.73,7753991744865.0,279187096.0
2015-12-07,5101.81,5139.78,5082.23,7759869868307.0,236915608.0
2015-12-04,5142.27,5147.0,5043.49,7821470101600.0,21160848.0
2015-12-03,5037.53,5144.6,5011.72,7662124245551.0,8312396.0
2015-12-02,5123.22,5176.77,5117.15,7792340009612.0,436532303.0
2015-12-01,5156.31,5156.31,5120.17,7842838446351.0,9022795.0
2015-11-30,5108.67,5141.36,5098.7,7770070181414.0,62407066.0
2015-11-27,5127.52,5134.35,5108.51,7798704455008.0,1158828124.0
2015-11-25,5116.14,5124.09,5101.18,7781308765779.0,296843754.0
2015-11-24,5102.81,5110.75,5050.14,7760839014464.0,116715615.0
2015-11-23,5102.48,5128.08,5084.85,7761503891926.0,167009950.0
2015-11-20,5104.92,5112.46,5094.32,7764727400962.0,21502654.0
2015-11-19,5073.64,5092.46,5067.27,7716420335535.0,226600449.0
2015-11-18,5075.2,5078.8,5001.67,7735993776723.0,504114580.0
2015-11-17,4986.01,5023.45,4975.74,7600217863973.0,3394456358.0
2015-11-16,4984.62,4984.91,4908.66,7597607839544.0,24391679.0
2015-11-13,4927.88,4989.06,4925.35,7510804130752.0,60223015.0
2015-11-12,5005.08,5062.49,5004.46,7628954414253.0,2165065002.0
2015-11-11,5067.02,5111.19,5066.68,7721495627500.0,0.0
2015-11-10,5083.24,5086.88,5051.22,7746993646635.0,543958867.0
2015-11-09,5095.3,5133.44,5066.1,7765108972288.0,457574180.0
2015-11-06,5147.12,5147.12,5092.87,7843415755816.0,186911433.0
2015-11-05,5127.74,5154.86,5098.49,7813565149659.0,3105558884.0
2015-11-04,5142.48,5162.57,5122.78,7835981866541.0,1682936607.0
2015-11-03,5145.13,5163.47,5109.68,7839455850365.0,256228626.0
2015-11-02,5127.15,5130.51,5061.47,7811731606053.0,13144127.0
2015-10-30,5053.75,5085.22,5053.75,7705432695264.0,236092756.0
2015-10-29,5074.27,5084.63,5066.89,7736250544330.0,351918366.0
2015-10-28,5095.69,5095.69,5019.6,7768659023480.0,570701880.0
2015-10-27,5030.15,5040.08,5009.07,7635778645290.0,7535264.0
2015-10-26,5034.7,5045.16,5012.74,7642291693226.0,45110068.0
2015-10-23,5031.86,5048.55,4999.54,7638160869472.0,85211163.0
2015-10-22,4920.05,4926.99,4861.8,7468213002628.0,17009262.0
2015-10-21,4840.12,4904.85,4836.46,7346865540383.0,20568780.0
2015-10-20,4880.97,4909.37,4866.6,7407467741905.0,5176667.0
2015-10-19,4905.47,4915.49,4865.83,7441138035635.0,4168779.0
2015-10-16,4886.69,4886.95,4851.28,7414224591628.0,5725792.0
2015-10-15,4870.1,4870.1,4795.29,7389223935629.0,8427952.0
2015-10-14,4782.85,4820.09,4771.62,7255227673314.0,79417674.0
2015-10-13,4796.61,4858.28,4793.92,7275870430263.0,44982389.0
2015-10-12,4838.64,4846.74,4818.17,7340034974035.0,0.0
2015-10-09,4830.47,4841.38,4804.59,7327168570940.0,20127945.0
2015-10-08,4810.79,4819.07,4737.93,7300310200629.0,16306837.0
2015-10-07,4791.15,4791.15,4728.71,7270990650808.0,179498542.0
2015-10-06,4748.36,4783.37,4711.79,7206058751633.0,39283134.0
2015-10-05,4781.26,4785.91,4740.24,7256566832645.0,659246379.0
2015-10-02,4707.78,4707.78,4552.34,7143371304464.0,6108990.0
2015-10-01,4627.08,4628.23,4559.21,7027349013836.0,1113147918.0
2015-09-30,4620.16,4620.16,4559.18,7016595367902.0,179315086.0
2015-09-29,4517.32,4596.06,4487.06,6860191268780.0,98877282.0
2015-09-28,4543.97,4665.21,4529.41,6900328830553.0,860612974.0
2015-09-25,4686.5,4785.22,4659.48,7116764089170.0,67800559.0
2015-09-24,4734.48,4746.21,4670.12,7189515584421.0,41925710.0
2015-09-23,4752.74,4780.64,4735.13,7217208178784.0,120783020.0
2015-09-22,4756.72,4776.28,4716.91,7222857081462.0,65268597.0
2015-09-21,4828.95,4881.46,4795.91,7332606765094.0,5584497.0
2015-09-18,4827.23,4878.71,4819.09,7353622654616.0,4593372.0
2015-09-17,4893.95,4960.87,4880.5,7454758022030.0,117002007.0
2015-09-16,4889.24,4893.44,4848.15,7447527509746.0,146048478.0
2015-09-15,4860.52,4872.35,4802.09,7404008894420.0,64330722.0
2015-09-14,4805.76,4832.0,4791.08,7320595753799.0,898706471.0
2015-09-11,4822.34,4822.34,4763.15,7345905962194.0,607694777.0
2015-09-10,4796.25,4826.33,4746.52,7306127751949.0,105139902.0
2015-09-09,4756.53,4862.88,4746.73,7245538030217.0,487088890.0
2015-09-08,4811.93,4815.04,4754.89,7329850677530.0,313237618.0
2015-09-04,4683.92,4712.67,4657.82,7134855213922.0,379763748.0
2015-09-03,4733.5,4800.18,4721.91,7210404292017.0,46551988.0
2015-09-02,4749.98,4749.98,4659.41,7235688734020.0,442699298.0
2015-09-01,4636.1,4722.13,4614.91,7061989653219.0,6658241.0
2015-08-31,4776.51,4824.61,4763.42,7275908551118.0,805878184.0
2015-08-28,4828.32,4836.78,4788.38,7354159755452.0,259955276.0
2015-08-27,4812.71,4818.71,4721.79,7337501062785.0,129517972.0
2015-08-26,4697.54,4703.97,4530.03,7161557029933.0,358326649.0
2015-08-25,4506.49,4689.54,4506.1,6869213369063.0,137462277.0
2015-08-24,4526.25,4694.9,4292.14,6898988232719.0,342720630.0
2015-08-21,4706.04,4856.75,4706.04,7172632832482.0,62383301.0
2015-08-20,4877.49,4986.51,4877.49,7434960163083.0,119812456.0
2015-08-19,5019.05,5060.93,4992.85,7650443182447.0,107237145.0
2015-08-18,5059.35,5085.14,5054.97,7710168079805.0,2907708751.0
2015-08-17,5091.7,5092.69,5022.42,7759226086656.0,479072128.0
2015-08-14,5048.24,5051.89,5012.61,7692873847663.0,38478903.0
2015-08-13,5033.56,5071.46,5029.61,7669961299893.0,1057143314.0
2015-08-12,5044.39,5055.75,4945.79,7685211631993.0,574044150.0
2015-08-11,5036.79,5089.33,5013.45,7671981932339.0,76261388.0
2015-08-10,5101.8,5112.47,5081.11,7770851879400.0,105479169.0
2015-08-07,5043.54,5055.56,5006.15,7682120461924.0,250212695.0
2015-08-06,5056.44,5149.93,5035.41,7704419187380.0,3248985169.0
2015-08-05,5139.94,5175.26,5131.86,7830449383295.0,1339589574.0
2015-08-04,5105.55,5125.9,5092.46,7770620715498.0,413685302.0
2015-08-03,5115.38,5143.08,5082.32,7785961201072.0,110278304.0
2015-07-31,5128.28,5155.02,5122.37,7806241109518.0,76670910.0
2015-07-30,5128.78,5135.65,5070.62,7814707177664.0,417582282.0
2015-07-29,5111.73,5117.84,5080.04,7788753130781.0,592039262.0
2015-07-28,5089.21,5097.69,5025.61,7748049881930.0,23058883.0
2015-07-27,5039.78,5072.88,5032.69,7672697041098.0,403323.0
2015-07-24,5088.63,5167.54,5084.51,7799200955560.0,83707553.0
2015-07-23,5146.41,5197.0,5137.64,7899502718323.0,705293524.0
2015-07-22,5171.77,5184.74,5145.78,7933107269960.0,20305428.0
2015-07-21,5208.12,5229.0,5196.3,7988188606000.0,4127630.0
2015-07-20,5218.86,5231.94,5201.49,8006169204370.0,4583356.0
2015-07-17,5210.14,5210.16,5183.23,7991551584785.0,4289942.0
2015-07-16,5163.18,5163.18,5128.56,7916892806430.0,2489270.0
2015-07-15,5098.94,5125.32,5088.12,7818336849190.0,80400591.0
2015-07-14,5104.89,5116.52,5075.12,7763845684661.0,14778269.0
2015-07-13,5071.51,5074.81,5036.68,7713300427905.0,51855835.0
2015-07-10,4997.7,5008.05,4966.51,7601020346043.0,8788253.0
2015-07-09,4922.4,4982.19,4920.4,7484530611771.0,38333959.0
2015-07-08,4909.76,4965.45,4901.51,7467683467047.0,158978951.0
2015-07-07,4997.46,5001.99,4902.21,7595096326668.0,4996045.0
2015-07-06,4991.94,5020.71,4960.93,7586706166413.0,25561096.0
2015-07-02,5009.21,5027.47,4990.74,7621578296147.0,60010372.0
2015-07-01,5013.12,5038.55,4994.46,7630920345119.0,1077327093.0
2015-06-30,4986.87,5008.76,4968.26,7591842091725.0,195584486.0
2015-06-29,4958.47,5051.01,4956.23,7546122280305.0,708370809.0
2015-06-26,5080.51,5121.47,5060.82,7728567919838.0,817527715.0
2015-06-25,5112.19,5141.71,5102.16,7776381770055.0,43220393.0
2015-06-24,5122.41,5164.36,5121.64,7790695703274.0,145949077.0
2015-06-23,5160.09,5163.41,5139.33,7856545909607.0,38849046.0
2015-06-22,5153.97,5162.13,5142.78,7847210349910.0,242932.0
2015-06-19,5117.0,5140.17,5113.94,7804542188577.0,2371527.0
2015-06-18,5132.95,5143.32,5082.03,7828534208624.0,49655490.0
2015-06-17,5064.88,5080.11,5042.25,7724504961083.0,140664620.0
2015-06-16,5055.55,5063.06,5022.56,7710264822604.0,27575747.0
2015-06-15,5029.97,5035.37,4985.94,7670981158509.0,160693506.0
2015-06-12,5051.1,5067.96,5043.24,7702329420131.0,889708773.0
2015-06-11,5082.51,5101.39,5075.05,7749837435963.0,404444397.0
2015-06-10,5076.69,5086.66,5024.17,7741411072544.0,963174698.0
2015-06-09,5013.87,5027.02,4974.62,7645971740704.0,140406361.0
2015-06-08,5021.63,5069.0,5014.06,7654517727714.0,413184478.0
2015-06-05,5068.46,5074.98,5025.52,7725397799105.0,107519145.0
2015-06-04,5059.12,5101.11,5046.29,7710824692830.0,28638491.0
2015-06-03,5099.23,5114.6,5084.99,7771951135574.0,362531322.0
2015-06-02,5076.52,5100.02,5047.35,7735947004073.0,3708336.0
2015-06-01,5082.93,5099.01,5045.67,7746663708824.0,833023130.0
2015-05-29,5070.03,5099.4,5057.59,7726910069029.0,31455721.0
2015-05-28,5097.98,5106.65,5080.25,7769669052225.0,338535711.0
2015-05-27,5106.59,5111.54,5039.37,7782646359434.0,406957287.0
2015-05-26,5032.75,5081.17,5016.74,7686311808833.0,267517631.0
2015-05-22,5089.36,5103.84,5085.19,7772544563102.0,152711903.0
2015-05-21,5090.79,5098.23,5062.51,7777147124700.0,142690742.0
2015-05-20,5071.74,5097.52,5050.21,7748306014357.0,306126221.0
2015-05-19,5070.03,5087.35,5062.8,7747264435784.0,3298785973.0
2015-05-18,5078.44,5084.5,5037.54,7759377981923.0,38314493.0
2015-05-15,5048.29,5062.65,5034.84,7712848980254.0,300391842.0
2015-05-14,5050.8,5051.72,4999.65,7716332313619.0,174812098.0
2015-05-13,4981.69,5012.97,4977.49,7610642537764.0,376484184.0
2015-05-12,4976.19,4995.5,4931.6,7600924778969.0,667788520.0
2015-05-11,4993.57,5017.38,4992.02,7627463209348.0,173415739.0
2015-05-08,5003.55,5014.33,4989.26,7641772383328.0,7861874.0
2015-05-07,4945.54,4957.12,4914.53,7553526700833.0,3475086467.0
2015-05-06,4919.64,4965.1,4888.17,7513485105312.0,152216107.0
2015-05-05,4939.33,5008.27,4934.34,7544477151169.0,1474110813.0
2015-05-04,5016.93,5043.62,5013.02,7662947803120.0,75342110.0
2015-05-01,5005.39,5005.39,4962.74,7645660571597.0,96466032.0
2015-04-30,4941.42,5015.96,4921.55,7547757446643.0,198649956.0
2015-04-29,5023.64,5053.84,4999.83,7673145465813.0,624593018.0
2015-04-28,5055.42,5075.3,5006.28,7721293223539.0,479248797.0
2015-04-27,5060.25,5119.83,5053.54,7729830440978.0,23165597.0
2015-04-24,5092.08,5100.37,5081.21,7780348778303.0,150456667.0
2015-04-23,5056.06,5073.09,5019.29,7725310399070.0,21842520.0
2015-04-22,5035.17,5040.65,4992.62,7693383683380.0,41067917.0
2015-04-21,5014.1,5028.22,5009.51,7659846103647.0,3804177.0
2015-04-20,4994.6,5000.2,4952.68,7630057869620.0,4864533.0
2015-04-17,4931.81,4974.09,4912.33,7534260969806.0,5248188.0
2015-04-16,5007.79,5016.0,4996.0,7645889737069.0,11275049.0
2015-04-15,5011.02,5021.19,4989.24,7647311150501.0,133255010.0
2015-04-14,4977.29,4996.82,4952.01,7594027087618.0,23041202.0
2015-04-13,4988.25,5024.25,4985.96,7610547022088.0,44843191.0
2015-04-10,4995.98,4996.08,4970.02,7622246196061.0,2010703.0
2015-04-09,4974.56,4975.93,4928.11,7588970370248.0,42772691.0
2015-04-08,4950.82,4956.72,4914.15,7552672558048.0,531308720.0
2015-04-07,4910.23,4948.88,4909.77,7476487021690.0,6211676.0
2015-04-06,4917.32,4929.62,4852.91,7487787223171.0,13244982.0
2015-04-02,4886.94,4901.33,4872.96,7440955826476.0,74031406.0
2015-04-01,4880.23,4899.38,4844.39,7441341902157.0,15770939.0
2015-03-31,4900.88,4940.87,4899.31,7472862074674.0,1230346906.0
2015-03-30,4947.44,4948.46,4921.12,7543542147924.0,740856744.0
2015-03-27,4891.22,4899.26,4859.66,7457511920539.0,903126419.0
2015-03-26,4863.36,4889.21,4825.93,7414488991924.0,212909175.0
2015-03-25,4876.52,5006.76,4876.52,7434378040378.0,107223515.0
2015-03-24,4994.73,5032.48,4994.56,7614413057333.0,19245190.0
2015-03-23,5010.97,5031.39,5010.97,7638384695076.0,1870453.0
2015-03-20,5026.42,5042.14,5020.07,7672245501611.0,11230868.0
2015-03-19,4992.38,5000.02,4979.94,7620206221667.0,17638665.0
2015-03-18,4982.83,5001.57,4907.72,7605576974160.0,170767330.0
2015-03-17,4937.43,4944.91,4907.02,7536206795016.0,6306286.0
2015-03-16,4929.51,4929.94,4889.09,7524367367697.0,155940005.0
2015-03-13,4871.76,4904.47,4842.8,7427110398298.0,94676744.0
2015-03-12,4893.29,4895.8,4853.2,7459367608205.0,404514945.0
2015-03-11,4849.94,4876.09,4846.79,7401491876158.0,535179258.0
2015-03-10,4859.79,4903.44,4859.79,7416868884172.0,297771237.0
2015-03-09,4942.44,4950.47,4920.82,7542987541252.0,505395140.0
2015-03-06,4927.37,4982.93,4918.63,7520035614055.0,316821562.0
2015-03-05,4982.81,4993.52,4963.1,7603551499304.0,336072189.0
2015-03-04,4967.14,4973.32,4938.9,7579680154062.0,319390212.0
2015-03-03,4979.9,4996.66,4956.07,7599137234848.0,85345750.0
2015-03-02,5008.1,5008.57,4972.01,7642166681135.0,723822503.0
2015-02-27,4963.53,4989.25,4960.87,7574393787039.0,43946711.0
2015-02-26,4987.89,4989.11,4955.51,7611310938125.0,301697924.0
2015-02-25,4967.14,4984.24,4956.0,7579598804950.0,452896916.0
2015-02-24,4968.12,4971.18,4945.14,7581945217729.0,189704737.0
2015-02-23,4960.97,4960.97,4939.56,7575934584195.0,60649034.0
2015-02-20,4955.97,4957.02,4905.59,7568370886308.0,25676939.0
2015-02-19,4924.7,4929.53,4900.63,7520623272585.0,297532621.0
2015-02-18,4906.36,4907.5,4885.6,7492549312310.0,62718000.0
2015-02-17,4899.27,4901.89,4880.64,7480348894373.0,2891999277.0
2015-02-13,4893.84,4893.84,4860.12,7471955782735.0,520158554.0
2015-02-12,4857.61,4857.61,4823.57,7416892641941.0,132374048.0
2015-02-11,4801.18,4810.36,4780.13,7331148621738.0,804684527.0
2015-02-10,4787.64,4793.27,4737.12,7309725733488.0,711580138.0
2015-02-09,4726.01,4749.47,4719.61,7215740819656.0,44307389.0
2015-02-06,4744.4,4787.18,4731.22,7247335800039.0,284335044.0
2015-02-05,4765.1,4767.38,4722.8,7279087561590.0,2956189372.0
2015-02-04,4716.7,4744.33,4697.79,7207691455557.0,1370899811.0
2015-02-03,4727.74,4727.74,4670.82,7222486165590.0,376332448.0
2015-02-02,4676.69,4676.69,4580.46,7145366652499.0,81036096.0
2015-01-30,4635.24,4703.81,4631.1,7079713199103.0,123666468.0
2015-01-29,4683.41,4688.41,4601.76,7154480773953.0,354782563.0
2015-01-28,4637.99,4742.06,4637.48,7084938195363.0,623197367.0
2015-01-27,4681.5,4721.87,4659.83,7152757339969.0,1378759.0
2015-01-26,4771.76,4774.18,4734.2,7289813158895.0,10982577.0
2015-01-23,4757.88,4771.18,4737.95,7268621490161.0,2334956.0
2015-01-22,4750.4,4752.6,4644.57,7257288055768.0,15897458.0
2015-01-21,4667.42,4692.46,4629.59,7138109192326.0,22536846.0
2015-01-20,4654.85,4665.65,4601.1,7117180317685.0,4325218.0
2015-01-16,4634.38,4635.82,4563.11,7088325004584.0,0.0
2015-01-15,4570.82,4663.96,4567.39,6991082612672.0,4979558.0
2015-01-14,4639.32,4655.37,4595.98,7095506526945.0,107128717.0
2015-01-13,4661.5,4751.34,4624.28,7119858249615.0,29224195.0
2015-01-12,4664.71,4715.81,4650.65,7124848320173.0,7432861.0
2015-01-09,4704.07,4744.71,4681.24,7184962910568.0,54881075.0
2015-01-08,4736.19,4741.38,4688.02,7233995255398.0,42063028.0
2015-01-07,4650.47,4652.72,4613.9,7103114014803.0,162963420.0
2015-01-06,4592.74,4667.33,4567.59,7014884148135.0,20536512.0
2015-01-05,4652.57,4702.77,4641.46,7105767352613.0,614239354.0
2015-01-02,4726.81,4777.01,4698.11,7207247857522.0,1005345058.0
2014-12-31,4736.05,4806.43,4734.11,7158407814522.0,9887861.0
2014-12-30,4777.44,4803.89,4772.88,7221069342924.0,214841743.0
2014-12-29,4806.91,4813.72,4798.9,7266374377362.0,860116938.0
2014-12-26,4806.86,4814.95,4787.85,7266271892701.0,8862828.0
2014-12-24,4773.47,4787.57,4768.67,7214788280181.0,733168552.0
2014-12-23,4765.42,4798.06,4761.39,7202812892054.0,441911604.0
2014-12-22,4781.42,4781.93,4757.8,7229795252214.0,6245203.0
2014-12-19,4765.38,4782.13,4738.29,7222965994891.0,13107780.0
2014-12-18,4748.4,4748.4,4697.09,7196569650472.0,158969808.0
2014-12-17,4644.31,4651.9,4550.7,7039121285827.0,181780826.0
2014-12-16,4547.83,4645.19,4547.31,6893280307316.0,8720695.0
2014-12-15,4605.16,4690.58,4592.43,6982443519768.0,118468729.0
2014-12-12,4653.6,4707.92,4653.6,7053984751206.0,143550905.0
2014-12-11,4708.16,4759.88,4699.42,7136328586637.0,404304618.0
2014-12-10,4684.03,4766.64,4679.24,7093126043353.0,433079727.0
2014-12-09,4766.47,4768.41,4674.38,7217654884312.0,125949841.0
2014-12-08,4740.69,4793.24,4722.91,7178068271488.0,291510877.0
2014-12-05,4780.76,4788.98,4769.64,7238826366035.0,20886641.0
2014-12-04,4769.44,4785.41,4753.71,7229043321079.0,153192016.0
2014-12-03,4774.47,4781.37,4745.14,7239302176024.0,452533226.0
2014-12-02,4755.81,4761.63,4729.76,7211117869913.0,3582348.0
2014-12-01,4727.35,4782.07,4724.62,7167934002866.0,39860045.0
2014-11-28,4791.63,4810.86,4786.72,7265374637237.0,91426725.0
2014-11-26,4787.32,4788.0,4757.49,7258844315775.0,1182419331.0
2014-11-25,4758.25,4774.52,4749.92,7215909414820.0,217842771.0
2014-11-24,4754.89,4755.02,4723.62,7210805800834.0,156792249.0
2014-11-21,4712.97,4751.6,4700.73,7147114402613.0,85932116.0
2014-11-20,4701.87,4702.97,4653.33,7126489134571.0,547279754.0
2014-11-19,4675.71,4696.2,4655.72,7086780830284.0,185005498.0
2014-11-18,4702.44,4709.83,4674.3,7126301915529.0,2998065297.0
2014-11-17,4671.0,4689.53,4655.19,7078751988835.0,9586112.0
2014-11-14,4688.54,4688.74,4664.3,7103263467661.0,75848288.0
2014-11-13,4680.14,4703.11,4664.27,7089127340210.0,443706648.0
2014-11-12,4675.13,4678.58,4643.78,7081093095864.0,524542717.0
2014-11-11,4660.56,4661.22,4640.24,7059408639130.0,0.0
2014-11-10,4651.62,4653.38,4626.49,7045748378240.0,726503766.0
2014-11-07,4632.53,4638.8,4606.81,7014571141250.0,266384676.0
2014-11-06,4638.47,4639.17,4604.76,7023120219813.0,3260940184.0
2014-11-05,4620.72,4650.39,4607.73,6996329098259.0,1567030105.0
2014-11-04,4623.64,4635.95,4594.92,6995918979019.0,40813726.0
2014-11-03,4638.91,4654.18,4627.42,7018076073679.0,193765869.0
2014-10-31,4630.74,4641.51,4616.58,7012295956557.0,58362996.0
2014-10-30,4566.14,4575.5,4521.79,6914418341800.0,453606226.0
2014-10-29,4549.23,4564.44,4517.02,6888583386898.0,656184691.0
2014-10-28,4564.29,4564.29,4505.11,6911134895243.0,28892874.0
2014-10-27,4485.93,4489.6,4450.29,6792478025359.0,8440992.0
2014-10-24,4483.72,4486.26,4445.85,6789233024937.0,5072042.0
2014-10-23,4452.79,4475.55,4421.56,6742292664152.0,25241371.0
2014-10-22,4382.85,4435.86,4381.28,6636125665406.0,90963829.0
2014-10-21,4419.48,4419.48,4356.1,6691287735093.0,0.0
2014-10-20,4316.07,4316.87,4248.22,6534790879204.0,4443494.0
2014-10-17,4258.44,4296.11,4241.67,6447525397724.0,4277774.0
2014-10-16,4217.39,4246.01,4131.65,6383909959227.0,14999862.0
2014-10-15,4215.32,4231.54,4116.6,6380752779690.0,404404813.0
2014-10-14,4227.17,4281.34,4212.82,6383799143241.0,4873162.0
2014-10-13,4213.66,4303.82,4212.87,6363380974988.0,0.0
2014-10-10,4276.24,4380.51,4276.24,6457206589576.0,24964490.0
2014-10-09,4378.34,4464.13,4377.28,6612136847555.0,299593.0
2014-10-08,4468.59,4473.73,4355.34,6748463384239.0,275638973.0
2014-10-07,4385.2,4441.76,4385.15,6622307932252.0,2888446.0
2014-10-06,4454.8,4496.26,4444.1,6727394709898.0,117255478.0
2014-10-03,4475.62,4488.07,4445.72,6758333160754.0,36894989.0
2014-10-02,4430.19,4441.95,4367.74,6686774186178.0,14414538.0
2014-10-01,4422.09,4486.79,4409.3,6674623772845.0,169213070.0
2014-09-30,4493.39,4522.06,4483.91,6781381708881.0,1020274267.0
2014-09-29,4505.85,4515.24,4464.44,6808582952763.0,652209492.0
2014-09-26,4512.19,4515.75,4475.48,6815178845683.0,1017887115.0
2014-09-25,4466.75,4546.93,4466.64,6745924911749.0,30954849.0
2014-09-24,4555.22,4557.27,4500.13,6878594034439.0,156284743.0
2014-09-23,4508.69,4536.03,4508.42,6808377573438.0,20295788.0
2014-09-22,4527.69,4568.87,4513.12,6836683888035.0,276385.0
2014-09-19,4579.79,4610.57,4563.44,6929307816698.0,22445234.0
2014-09-18,4593.43,4593.98,4572.62,6949782605971.0,75712904.0
2014-09-17,4562.19,4582.4,4539.36,6902118236573.0,99728865.0
2014-09-16,4552.76,4558.24,4499.87,6887793591611.0,17473547.0
2014-09-15,4518.9,4567.47,4506.73,6836067679764.0,131739558.0
2014-09-12,4567.6,4590.08,4555.68,6909150027310.0,59080677.0
2014-09-11,4591.81,4591.81,4559.75,6946024832323.0,503780291.0
2014-09-10,4586.52,4587.1,4544.84,6937911306310.0,516497146.0
2014-09-09,4552.29,4599.03,4544.44,6886127672423.0,44239684.0
2014-09-08,4592.29,4600.4,4570.23,6951719135877.0,580140079.0
2014-09-05,4582.9,4583.0,4542.74,6937499826004.0,18061018.0
2014-09-04,4562.29,4603.15,4553.31,6906265694633.0,200445272.0
2014-09-03,4572.57,4610.14,4565.38,6921374126547.0,491139671.0
2014-09-02,4598.19,4598.64,4576.8,6960619053014.0,0.0
2014-08-29,4580.27,4580.27,4553.78,6932921487439.0,745916064.0
2014-08-28,4557.69,4565.96,4546.62,6898606280267.0,137259425.0
2014-08-27,4569.62,4575.81,4561.83,6916777924618.0,337549361.0
2014-08-26,4570.64,4575.59,4556.78,6916974198691.0,44675627.0
2014-08-25,4557.35,4571.14,4547.78,6896688668665.0,254721252.0
2014-08-22,4538.55,4547.24,4521.77,6867718366144.0,17901621.0
2014-08-21,4532.1,4534.0,4513.81,6857893550439.0,76425665.0
2014-08-20,4526.48,4533.01,4515.73,6849360992079.0,54357171.0
2014-08-19,4527.51,4528.91,4513.92,6849360878569.0,2862363851.0
2014-08-18,4508.31,4509.16,4486.44,6821153285520.0,19429231.0
2014-08-15,4464.93,4482.47,4427.13,6755505589655.0,56034653.0
2014-08-14,4453.0,4453.0,4433.94,6743368197787.0,352015735.0
2014-08-13,4434.13,4434.31,4403.64,6714474454240.0,368514021.0
2014-08-12,4389.25,4407.08,4371.84,6645971405038.0,522693158.0
2014-08-11,4401.33,4415.78,4384.15,6664259613650.0,30563181.0
2014-08-08,4370.9,4373.12,4327.87,6617744525095.0,199000888.0
2014-08-07,4334.97,4379.7,4321.89,6562904794429.0,3088382661.0
2014-08-06,4355.05,4378.99,4325.04,6599414307442.0,332291794.0
2014-08-05,4352.84,4383.02,4333.58,6598231495589.0,1455752963.0
2014-08-04,4383.89,4395.38,4343.03,6644943858190.0,110714603.0
2014-08-01,4352.64,4385.05,4324.02,6597080971445.0,91467589.0
2014-07-31,4369.77,4430.8,4367.15,6621038040604.0,281263638.0
2014-07-30,4462.9,4476.06,4444.51,6762231972049.0,468539212.0
2014-07-29,4442.7,4470.97,4441.03,6731268379536.0,398631309.0
2014-07-28,4444.91,4455.39,4413.91,6734550945555.0,635022.0
2014-07-25,4449.56,4457.95,4430.43,6739769336598.0,138687.0
2014-07-24,4472.11,4485.5,4465.93,6775899033249.0,14080867.0
2014-07-23,4473.7,4480.73,4457.94,6778833638616.0,87311274.0
2014-07-22,4456.02,4464.13,4443.35,6754225191670.0,1070047.0
2014-07-21,4424.7,4432.42,4404.51,6706660360306.0,1626961.0
2014-07-18,4432.15,4434.43,4378.22,6716764871862.0,683869.0
2014-07-17,4363.45,4425.38,4352.24,6612742723147.0,27992687.0
2014-07-16,4425.97,4448.87,4419.71,6707449040262.0,56182094.0
2014-07-15,4416.39,4451.92,4389.7,6692007954304.0,14701455.0
2014-07-14,4440.42,4451.6,4432.95,6728653211671.0,255460.0
2014-07-11,4415.49,4417.16,4389.29,6690121978181.0,31634305.0
2014-07-10,4396.2,4415.85,4351.04,6660824340891.0,954124.0
2014-07-09,4419.03,4421.93,4388.01,6695272023400.0,650279643.0
2014-07-08,4391.46,4443.56,4372.04,6652719326275.0,116732897.0
2014-07-07,4451.53,4478.02,4447.6,6744067378752.0,18654934.0
2014-07-03,4485.93,4485.93,4463.85,6796367603026.0,124779156.0
2014-07-02,4457.73,4466.92,4450.87,6754682270704.0,987984577.0
2014-07-01,4458.65,4471.59,4424.43,6753832900805.0,143507249.0
2014-06-30,4408.18,4417.46,4396.59,6677634519293.0,607937445.0
2014-06-27,4397.93,4398.85,4371.6,6658643220987.0,89661580.0
2014-06-26,4379.05,4379.8,4347.45,6629469398684.0,1014121359.0
2014-06-25,4379.76,4383.55,4339.41,6630140396652.0,203094934.0
2014-06-24,4350.36,4399.87,4342.9,6585470171250.0,17349689.0
2014-06-23,4368.68,4371.81,4358.68,6613630038371.0,2629981.0
2014-06-20,4368.04,4368.8,4354.03,6599479576917.0,0.0
2014-06-19,4359.33,4372.18,4339.61,6580880564726.0,22814721.0
2014-06-18,4362.84,4365.1,4320.54,6584756249239.0,15041478.0
2014-06-17,4337.23,4346.12,4311.15,6546116003452.0,75423254.0
2014-06-16,4321.11,4326.89,4296.26,6521745732333.0,99964857.0
2014-06-13,4310.65,4317.67,4288.41,6499031537928.0,151865238.0
2014-06-12,4297.63,4328.35,4284.53,6478579454235.0,148169945.0
2014-06-11,4331.93,4338.21,4315.49,6530134132102.0,1305338193.0
2014-06-10,4338.0,4338.87,4319.93,6539275537672.0,115690440.0
2014-06-09,4336.24,4346.74,4320.28,6536573645194.0,47449361.0
2014-06-06,4321.4,4322.51,4305.74,6513856726052.0,352612443.0
2014-06-05,4296.23,4299.5,4241.68,6475906805962.0,255298209.0
2014-06-04,4251.64,4256.19,4216.23,6408072032779.0,404212031.0
2014-06-03,4234.08,4240.35,4215.8,6381602351275.0,70778606.0
2014-06-02,4237.2,4247.96,4207.61,6385579159885.0,777844935.0
2014-05-30,4242.62,4252.08,4221.95,6394109424624.0,6151619.0
2014-05-29,4247.95,4247.95,4228.96,6403808964837.0,211352293.0
2014-05-28,4225.07,4238.17,4216.89,6369181088240.0,449335342.0
2014-05-27,4237.07,4237.07,4204.72,6383587365683.0,111942013.0
2014-05-23,4185.81,4186.58,4148.3,6306248481559.0,33175389.0
2014-05-22,4154.34,4164.85,4131.47,6255567189446.0,135775627.0
2014-05-21,4131.54,4133.61,4103.61,6221228746166.0,262945374.0
2014-05-20,4096.89,4124.86,4080.61,6167085037861.0,294461220.0
2014-05-19,4125.82,4128.47,4075.7,6210165876384.0,115421957.0
2014-05-16,4090.59,4091.16,4044.27,6156267722953.0,73520087.0
2014-05-15,4069.29,4098.25,4035.96,6124060442037.0,417754383.0
2014-05-14,4100.63,4132.33,4093.83,6170203867347.0,315507917.0
2014-05-13,4130.17,4155.13,4128.01,6215208785486.0,3057333391.0
2014-05-12,4143.86,4146.54,4092.09,6235776376056.0,242051825.0
2014-05-09,4071.87,4071.87,4025.24,6127258945944.0,99031093.0
2014-05-08,4051.5,4109.2,4039.91,6095723616831.0,3244008229.0
2014-05-07,4067.67,4091.03,4021.05,6119868724065.0,132337782.0
2014-05-06,4080.76,4132.46,4080.76,6133252084256.0,361832331.0
2014-05-05,4138.06,4138.34,4086.35,6219365344092.0,1166759710.0
2014-05-02,4123.9,4145.06,4115.89,6200642445318.0,68644493.0
2014-05-01,4127.45,4149.56,4105.61,6205972374492.0,261450609.0
2014-04-30,4114.56,4116.14,4070.62,6188882981992.0,127332408.0
2014-04-29,4103.54,4111.45,4070.24,6168677264787.0,206369481.0
2014-04-28,4074.4,4111.59,4014.17,6125238224240.0,364867748.0
2014-04-25,4075.56,4126.98,4068.1,6126661353267.0,76179817.0
2014-04-24,4148.34,4177.16,4107.52,6236050263379.0,11039875.0
2014-04-23,4126.97,4161.44,4125.41,6203991509055.0,85096918.0
2014-04-22,4161.46,4170.72,4131.61,6255463705322.0,0.0
2014-04-21,4121.55,4121.55,4081.91,6197516968746.0,3093362.0
2014-04-17,4095.52,4110.46,4064.7,6153938051600.0,23299826.0
2014-04-16,4086.23,4086.28,4038.81,6138881867990.0,21386425.0
2014-04-15,4034.16,4054.8,3946.03,6059711144159.0,51843583.0
2014-04-14,4022.69,4050.79,3986.5,6041544649926.0,102579668.0
2014-04-11,3999.73,4067.22,3991.63,6006717329472.0,27195540.0
2014-04-10,4054.11,4182.61,4042.76,6087697569122.0,4074983.0
2014-04-09,4183.9,4185.19,4121.17,6281584158129.0,514811752.0
2014-04-08,4112.99,4120.24,4066.11,6174602093883.0,111318182.0
2014-04-07,4079.75,4133.68,4052.14,6122756746495.0,9112822.0
2014-04-04,4127.73,4267.06,4118.71,6194365274028.0,79668137.0
2014-04-03,4237.74,4284.68,4216.57,6359172514444.0,36959968.0
2014-04-02,4276.46,4286.09,4258.86,6416929490629.0,93639179.0
2014-04-01,4268.04,4268.2,4218.77,6401391356132.0,1032182136.0
2014-03-31,4198.99,4212.97,4180.54,6298219173703.0,587063892.0
2014-03-28,4155.76,4203.49,4144.69,6232551524163.0,95952687.0
2014-03-27,4151.23,4186.13,4131.81,6225446346726.0,950210812.0
2014-03-26,4173.58,4263.07,4173.58,6258990019514.0,187103056.0
2014-03-25,4234.27,4274.32,4203.64,6350060507401.0,25777620.0
2014-03-24,4226.39,4289.49,4190.61,6338204916243.0,16363768.0
2014-03-21,4276.79,4344.39,4268.34,6409439129253.0,1508083.0
2014-03-20,4319.29,4329.61,4287.41,6472257761907.0,24189687.0
2014-03-19,4307.6,4334.3,4283.54,6454634324904.0,27039074.0
2014-03-18,4333.31,4334.66,4284.11,6492991064360.0,78331009.0
2014-03-17,4279.95,4301.28,4273.01,6412911548730.0,259375318.0
2014-03-14,4245.4,4272.34,4241.94,6362289948632.0,59425868.0
2014-03-13,4260.42,4339.9,4242.94,6380271873147.0,140422352.0
2014-03-12,4323.33,4323.33,4270.22,6474118676765.0,679521746.0
2014-03-11,4307.19,4354.43,4295.47,6449491158836.0,230156511.0
2014-03-10,4334.45,4339.93,4307.84,6489875759233.0,351655363.0
2014-03-07,4336.22,4371.39,4319.15,6497525074806.0,5384660.0
2014-03-06,4352.13,4371.71,4341.0,6521351616716.0,441810326.0
2014-03-05,4357.97,4362.5,4344.15,6520352608810.0,510782195.0
2014-03-04,4351.97,4357.21,4327.54,6511377547760.0,23401445.0
2014-03-03,4277.3,4284.15,4239.65,6408958936056.0,684172069.0
2014-02-28,4308.12,4342.59,4275.61,6454641675281.0,22897698.0
2014-02-27,4318.93,4322.46,4284.78,6471863442424.0,229650818.0
2014-02-26,4292.06,4316.82,4278.54,6431468809131.0,333095177.0
2014-02-25,4287.59,4307.51,4275.8,6415776538283.0,80804114.0
2014-02-24,4292.97,4311.12,4272.11,6424221537555.0,147025628.0
2014-02-21,4263.41,4284.85,4261.63,6397235808955.0,38463029.0
2014-02-20,4267.55,4272.34,4226.75,6402267252779.0,176916538.0
2014-02-19,4237.95,4274.29,4232.38,6358289358503.0,88460770.0
2014-02-18,4272.78,4277.33,4243.56,6410466638687.0,2673633779.0
2014-02-14,4244.03,4250.91,4225.75,6366661218653.0,155546367.0
2014-02-13,4240.67,4240.67,4170.47,6361319901634.0,135695369.0
2014-02-12,4201.29,4212.61,4190.39,6300756734493.0,500978901.0
2014-02-11,4191.04,4198.51,4153.1,6285077031088.0,645835699.0
2014-02-10,4148.17,4148.3,4122.61,6220705849874.0,89405981.0
2014-02-07,4125.86,4126.51,4069.93,6187094441765.0,20237540.0
2014-02-06,4057.12,4064.06,4022.17,6084403113362.0,3152913352.0
2014-02-05,4011.55,4026.28,3968.19,6014933904962.0,1338062743.0
2014-02-04,4031.52,4044.2,4004.58,6045250346297.0,345148688.0
2014-02-03,3996.96,4113.55,3989.95,6006683650871.0,11573271.0
2014-01-31,4103.88,4124.92,4067.61,6165879488222.0,118077305.0
2014-01-30,4123.13,4135.84,4094.17,6193899222135.0,315004542.0
2014-01-29,4051.43,4091.27,4044.76,6086162334703.0,529914518.0
2014-01-28,4097.96,4099.81,4067.69,6155197319644.0,56738044.0
2014-01-27,4083.61,4136.46,4052.63,6133629370470.0,9840920.0
2014-01-24,4128.17,4197.93,4128.17,6203786951958.0,2181814.0
2014-01-23,4218.87,4224.44,4192.28,6337063508475.0,2046845.0
2014-01-22,4243.0,4246.55,4225.52,6373298107638.0,62635012.0
2014-01-21,4225.76,4227.93,4193.17,6346335284246.0,0.0
2014-01-17,4197.58,4217.24,4187.31,6304163759982.0,1978219.0
2014-01-16,4218.69,4219.28,4204.15,6334983710525.0,14681597.0
2014-01-15,4214.88,4218.79,4195.98,6330093532449.0,156219543.0
2014-01-14,4183.02,4183.84,4125.81,6281635628299.0,687596.0
2014-01-13,4113.3,4179.47,4097.99,6176929619354.0,24172419.0
2014-01-10,4174.66,4174.68,4142.21,6268660483845.0,3128541.0
2014-01-09,4156.19,4182.74,4142.7,6241056071458.0,105506440.0
2014-01-08,4165.61,4171.75,4145.0,6253046007601.0,85665228.0
2014-01-07,4153.18,4158.18,4126.48,6232504878921.0,53974380.0
2014-01-06,4113.68,4139.78,4103.75,6173335740532.0,24970278.0
2014-01-03,4131.91,4152.96,4124.96,6200677307232.0,36798655.0
2014-01-02,4143.07,4160.96,4131.79,6219518431485.0,945101481.0
